-- phpMyAdmin SQL Dump
-- version 5.0.0-alpha1
-- https://www.phpmyadmin.net/
--
-- Servidor: localhost:3306
-- Tiempo de generación: 18-08-2019 a las 02:22:20
-- Versión del servidor: 5.7.24
-- Versión de PHP: 7.2.19

SET SQL_MODE = "NO_AUTO_VALUE_ON_ZERO";
SET AUTOCOMMIT = 0;
START TRANSACTION;
SET time_zone = "+00:00";


/*!40101 SET @OLD_CHARACTER_SET_CLIENT=@@CHARACTER_SET_CLIENT */;
/*!40101 SET @OLD_CHARACTER_SET_RESULTS=@@CHARACTER_SET_RESULTS */;
/*!40101 SET @OLD_COLLATION_CONNECTION=@@COLLATION_CONNECTION */;
/*!40101 SET NAMES utf8mb4 */;

--
-- Base de datos: `atencion`
--

-- --------------------------------------------------------

--
-- Estructura de tabla para la tabla `alumnas`
--

CREATE TABLE `alumnas` (
  `id` bigint(20) UNSIGNED NOT NULL,
  `rut` varchar(12) COLLATE utf8mb4_unicode_ci NOT NULL,
  `digito` varchar(2) COLLATE utf8mb4_unicode_ci DEFAULT NULL,
  `curso` varchar(10) COLLATE utf8mb4_unicode_ci NOT NULL,
  `letra` varchar(191) COLLATE utf8mb4_unicode_ci DEFAULT NULL,
  `apellidos` varchar(50) COLLATE utf8mb4_unicode_ci NOT NULL,
  `nombres` varchar(50) COLLATE utf8mb4_unicode_ci NOT NULL,
  `d_or` tinyint(1) NOT NULL DEFAULT '0',
  `d_psic` tinyint(1) NOT NULL DEFAULT '0',
  `d_vsoc` tinyint(1) NOT NULL DEFAULT '0',
  `d_cesc` tinyint(1) NOT NULL DEFAULT '0',
  `d_egest` tinyint(1) NOT NULL DEFAULT '0',
  `d_ter` tinyint(1) NOT NULL DEFAULT '0',
  `d_edif` tinyint(1) NOT NULL DEFAULT '0',
  `condicion` tinyint(1) NOT NULL DEFAULT '1',
  `tipoalumno` tinyint(1) NOT NULL DEFAULT '0',
  `created_at` timestamp NULL DEFAULT NULL,
  `updated_at` timestamp NULL DEFAULT NULL,
  `fecharetiro` date DEFAULT NULL,
  `atendido` varchar(191) COLLATE utf8mb4_unicode_ci DEFAULT 'NO'
) ENGINE=InnoDB DEFAULT CHARSET=utf8mb4 COLLATE=utf8mb4_unicode_ci;

--
-- Volcado de datos para la tabla `alumnas`
--

INSERT INTO `alumnas` (`id`, `rut`, `digito`, `curso`, `letra`, `apellidos`, `nombres`, `d_or`, `d_psic`, `d_vsoc`, `d_cesc`, `d_egest`, `d_ter`, `d_edif`, `condicion`, `tipoalumno`, `created_at`, `updated_at`, `fecharetiro`, `atendido`) VALUES
(74, '21493994', '0', '1° A', NULL, 'OTÁROLA ÁLVAREZ', 'DANIELA ESPERANZA', 0, 0, 0, 0, 0, 0, 0, 1, 0, '2019-08-18 01:47:46', '2019-08-18 01:47:46', NULL, 'NO'),
(75, '21327240', '3', '1° A', NULL, 'MONTENEGRO RÍOS', 'DANIELA AMANDA ALEJANDRA', 0, 0, 0, 0, 0, 0, 0, 1, 0, '2019-08-18 01:47:46', '2019-08-18 01:47:46', NULL, 'NO'),
(76, '21715702', '1', '1° A', NULL, 'ANTINAO MEZA', 'YARITZA ALEJANDRA', 1, 0, 0, 0, 0, 0, 0, 1, 0, '2019-08-18 01:47:46', '2019-08-18 02:17:21', NULL, 'SI'),
(77, '21874946', '1', '1° A', NULL, 'LOYOLA TOLENTINO', 'YEANINA CELESTE', 0, 0, 0, 0, 0, 0, 0, 1, 0, '2019-08-18 01:47:46', '2019-08-18 01:47:46', NULL, 'NO'),
(78, '26282866', '2', '1° A', NULL, 'URDANETA QUERO', 'VALERIA CAROLINA', 0, 0, 0, 0, 0, 0, 0, 1, 0, '2019-08-18 01:47:46', '2019-08-18 01:47:46', NULL, 'NO'),
(79, '24890577', '8', '1° A', NULL, 'DUARTE MORON', 'KEILA ANDREINA', 0, 0, 0, 0, 0, 0, 0, 1, 0, '2019-08-18 01:47:46', '2019-08-18 01:47:46', NULL, 'NO'),
(80, '21510522', '9', '1° A', NULL, 'GARCIA CAMPOS', 'NAYARET CAROLINA', 0, 0, 0, 0, 0, 0, 0, 1, 0, '2019-08-18 01:47:46', '2019-08-18 01:47:46', NULL, 'NO'),
(81, '100419295', '4', '1° A', NULL, 'RAMOS CASARES', 'NATHALY ANDREINA', 0, 0, 0, 0, 0, 0, 0, 1, 0, '2019-08-18 01:47:46', '2019-08-18 01:47:46', NULL, 'NO'),
(82, '26282417', '9', '1° A', NULL, 'VALENCIA ARROYO', 'VALENTINA', 0, 0, 0, 0, 0, 0, 0, 1, 0, '2019-08-18 01:47:46', '2019-08-18 01:47:46', NULL, 'NO'),
(83, '21531024', '8', '1° A', NULL, 'ORTIZ ESPINOZA', 'MARÍA JOSÉ', 0, 0, 0, 0, 0, 0, 0, 1, 0, '2019-08-18 01:47:46', '2019-08-18 01:47:46', NULL, 'NO'),
(84, '21783577', '1', '1° A', NULL, 'CATALÁN MONCADA', 'ALMENDRA JOSEFINA', 0, 0, 0, 0, 0, 0, 0, 1, 0, '2019-08-18 01:47:46', '2019-08-18 01:47:46', NULL, 'NO'),
(85, '21244517', '7', '1° A', NULL, 'TÉLLEZ CASTILLO', 'MARIA JOSE', 0, 0, 0, 0, 0, 0, 0, 1, 0, '2019-08-18 01:47:46', '2019-08-18 01:47:46', NULL, 'NO'),
(86, '21785825', '9', '1° A', NULL, 'GUTIÉRREZ PEDRAZA', 'CONSTANZA ALMENDRA', 0, 0, 0, 0, 0, 0, 0, 1, 0, '2019-08-18 01:47:46', '2019-08-18 01:47:46', NULL, 'NO'),
(87, '21670804', '0', '1° A', NULL, 'ACUÑA PICHUANTE', 'VALENTINA SKARLETT', 0, 0, 0, 0, 0, 0, 0, 0, 0, '2019-08-18 01:47:46', '2019-08-18 02:16:59', '2019-08-12', 'NO'),
(88, '21681963', '2', '1° A', NULL, 'CHAMORRO VÁSQUEZ', 'JAVIERA ELIANA', 0, 0, 0, 0, 0, 0, 0, 1, 0, '2019-08-18 01:47:46', '2019-08-18 01:47:46', NULL, 'NO'),
(89, '21495151', '7', '1° A', NULL, 'GALLARDO VALDÉS', 'KATTALINA ISABEL', 0, 0, 0, 0, 0, 0, 0, 1, 0, '2019-08-18 01:47:46', '2019-08-18 01:47:46', NULL, 'NO'),
(90, '20791922', '5', '1° A', NULL, 'OSORES MORALES', 'ALONDRA IRANDEL', 0, 0, 0, 0, 0, 0, 0, 1, 0, '2019-08-18 01:47:46', '2019-08-18 01:47:46', NULL, 'NO'),
(91, '21787521', '8', '1° A', NULL, 'MORALES FRÍAS', 'SOFÍA ANTONIA', 0, 0, 0, 0, 0, 0, 0, 1, 0, '2019-08-18 01:47:46', '2019-08-18 01:47:46', NULL, 'NO'),
(92, '21401242', '1', '1° A', NULL, 'PRIETO ZÚÑIGA', 'CATALINA ANDREA', 0, 0, 0, 0, 0, 0, 0, 1, 0, '2019-08-18 01:47:46', '2019-08-18 01:47:46', NULL, 'NO'),
(93, '21510441', '9', '1° A', NULL, 'SÁEZ MORALES', 'VICTORIA ESPERANZA', 0, 0, 0, 0, 0, 0, 0, 1, 0, '2019-08-18 01:47:46', '2019-08-18 01:47:46', NULL, 'NO'),
(94, '21610310', '6', '1° A', NULL, 'TAPIA GONZÁLEZ', 'CONSTANZA AYLIN', 0, 0, 0, 0, 0, 0, 0, 1, 0, '2019-08-18 01:47:46', '2019-08-18 01:47:46', NULL, 'NO'),
(95, '21462989', '5', '1° A', NULL, 'VELÁSQUEZ PINO', 'VALENTINA CONSTANZA', 0, 0, 0, 0, 0, 0, 0, 1, 0, '2019-08-18 01:47:46', '2019-08-18 01:47:46', NULL, 'NO'),
(96, '21636860', '6', '1° A', NULL, 'VILLACURA VILLACURA', 'MACARENA CLARA ELISA', 0, 0, 0, 0, 0, 0, 0, 1, 0, '2019-08-18 01:47:46', '2019-08-18 01:47:46', NULL, 'NO'),
(97, '21627111', '4', '1° A', NULL, 'TORRES PADILLA', 'GENESIS CONSTANZA', 0, 0, 0, 0, 0, 0, 0, 1, 0, '2019-08-18 01:47:46', '2019-08-18 01:47:46', NULL, 'NO'),
(98, '21802342', '8', '1° A', NULL, 'VALDIVIA TAPIA', 'SONIA CAROLINA', 0, 0, 0, 0, 0, 0, 0, 1, 0, '2019-08-18 01:47:46', '2019-08-18 01:47:46', NULL, 'NO'),
(99, '21767498', '0', '1° A', NULL, 'BRIONES LIZANA', 'STEFANIE CAMILA', 0, 0, 0, 0, 0, 0, 0, 1, 0, '2019-08-18 01:47:46', '2019-08-18 01:47:46', NULL, 'NO'),
(100, '21593005', 'K', '1° A', NULL, 'PERGUI ROMÁN', 'DANIELA CAROLINA', 0, 0, 0, 0, 0, 0, 0, 1, 0, '2019-08-18 01:47:46', '2019-08-18 01:47:46', NULL, 'NO'),
(101, '21575845', '1', '1° A', NULL, 'MONDACA VILLALOBOS', 'YESMARRY CONSTANZA', 0, 0, 0, 0, 0, 0, 0, 1, 0, '2019-08-18 01:47:46', '2019-08-18 01:47:46', NULL, 'NO'),
(102, '20932355', '9', '1° A', NULL, 'CORDERO ALTAMIRANO', 'ALEXANDRA TRINIDAD', 0, 0, 0, 0, 0, 0, 0, 1, 0, '2019-08-18 01:47:46', '2019-08-18 01:47:46', NULL, 'NO'),
(103, '21244283', '6', '1° A', NULL, 'FUENTES CORDOVEZ', 'MARCELA GUILLERMINA', 0, 0, 0, 0, 0, 0, 0, 1, 0, '2019-08-18 01:47:46', '2019-08-18 01:47:46', NULL, 'NO'),
(104, '21525737', '1', '1° B', NULL, 'PALMA MACHUCA', 'VALERIA PAZ ANGELINA', 0, 0, 0, 0, 0, 0, 0, 1, 0, '2019-08-18 01:47:46', '2019-08-18 01:47:46', NULL, 'NO'),
(105, '100426214', '6', '1° B', NULL, 'CHANAGA CASADIEGOS', 'DARIANA VALENTINA', 0, 0, 0, 0, 0, 0, 0, 1, 0, '2019-08-18 01:47:46', '2019-08-18 01:47:46', NULL, 'NO'),
(106, '100436549', '2', '1° B', NULL, 'CALDERON ACOSTA', 'ANNYELIT CELESTE', 0, 0, 0, 0, 0, 0, 0, 1, 0, '2019-08-18 01:47:46', '2019-08-18 01:47:46', NULL, 'NO'),
(107, '21687114', '6', '1° B', NULL, 'MATELUNA MEZA', 'PAULA ADELA', 0, 0, 0, 0, 0, 0, 0, 1, 0, '2019-08-18 01:47:46', '2019-08-18 01:47:46', NULL, 'NO'),
(108, '21466648', '0', '1° B', NULL, 'DONOSO MERY', 'FERNANDA PÍA', 0, 0, 0, 0, 0, 0, 0, 1, 0, '2019-08-18 01:47:46', '2019-08-18 01:47:46', NULL, 'NO'),
(109, '21708426', '1', '1° B', NULL, 'CORRALES ROMERO', 'KARELY SAMIRA', 0, 0, 0, 0, 0, 0, 0, 1, 0, '2019-08-18 01:47:46', '2019-08-18 01:47:46', NULL, 'NO'),
(110, '21257115', '6', '1° B', NULL, 'HERNÁNDEZ VERNAL', 'CATALINA ANTONIETA', 0, 0, 0, 0, 0, 0, 0, 1, 0, '2019-08-18 01:47:46', '2019-08-18 01:47:46', NULL, 'NO'),
(111, '21161858', '2', '1° B', NULL, 'TOLEDO IRIARTE', 'SCARLET DEGIREE', 0, 0, 0, 0, 0, 0, 0, 1, 0, '2019-08-18 01:47:46', '2019-08-18 01:47:46', NULL, 'NO'),
(112, '21749042', '1', '1° B', NULL, 'PÉREZ PÉREZ', 'ALONDRA ANTONIA', 0, 0, 0, 0, 0, 0, 0, 1, 0, '2019-08-18 01:47:46', '2019-08-18 01:47:46', NULL, 'NO'),
(113, '21690190', '8', '1° B', NULL, 'CUBILLOS CUBILLOS', 'NAYARETT DAYANE', 0, 0, 0, 0, 0, 0, 0, 1, 0, '2019-08-18 01:47:46', '2019-08-18 01:47:46', NULL, 'NO'),
(114, '21338928', '9', '1° B', NULL, 'MELGAREJO CÉSPEDES', 'LESLIE FRANCESCA', 0, 0, 0, 0, 0, 0, 0, 1, 0, '2019-08-18 01:47:46', '2019-08-18 01:47:46', NULL, 'NO'),
(115, '21661557', '3', '1° B', NULL, 'CASTRO CASTRO', 'CHRISNA DANAE', 0, 0, 0, 0, 0, 0, 0, 1, 0, '2019-08-18 01:47:46', '2019-08-18 01:47:46', NULL, 'NO'),
(116, '25719186', '9', '1° B', NULL, 'VELASQUEZ CUERVO', 'EMILY TATIANA', 0, 0, 0, 0, 0, 0, 0, 1, 0, '2019-08-18 01:47:46', '2019-08-18 01:47:46', NULL, 'NO'),
(117, '21053908', '5', '1° B', NULL, 'OLAVE MIRANDA', 'GERALDINE ANAÍS ANDREA', 0, 0, 0, 0, 0, 0, 0, 1, 0, '2019-08-18 01:47:46', '2019-08-18 01:47:46', NULL, 'NO'),
(118, '21627686', '8', '1° B', NULL, 'FIGUEROA COPIER', 'CONSTANZA MONSERRAT', 0, 0, 0, 0, 0, 0, 0, 1, 0, '2019-08-18 01:47:46', '2019-08-18 01:47:46', NULL, 'NO'),
(119, '21531546', '0', '1° B', NULL, 'MEDINA CARTAGENA', 'FRANCISCA PAZ', 0, 0, 0, 0, 0, 0, 0, 1, 0, '2019-08-18 01:47:46', '2019-08-18 01:47:46', NULL, 'NO'),
(120, '22011487', '2', '1° B', NULL, 'GARRIDO VALENZUELA', 'MILLARAY SALOME', 0, 0, 0, 0, 0, 0, 0, 1, 0, '2019-08-18 01:47:46', '2019-08-18 01:47:46', NULL, 'NO'),
(121, '21848795', '5', '1° B', NULL, 'FIGUEROA MARTÍNEZ', 'CATALINA IGNACIA', 0, 0, 0, 0, 0, 0, 0, 1, 0, '2019-08-18 01:47:46', '2019-08-18 01:47:46', NULL, 'NO'),
(122, '21681344', '8', '1° B', NULL, 'AHUMADA ZAPATA', 'CONSTANZA ALEJANDRA', 0, 0, 0, 0, 0, 0, 0, 1, 0, '2019-08-18 01:47:46', '2019-08-18 01:47:46', NULL, 'NO'),
(123, '21559266', '9', '1° B', NULL, 'ALFARO BUSTAMANTE', 'MARTINA LUZ ISIDORA', 0, 0, 0, 0, 0, 0, 0, 1, 0, '2019-08-18 01:47:46', '2019-08-18 01:47:46', NULL, 'NO'),
(124, '20932444', 'K', '1° B', NULL, 'DÍAZ VIVANCO', 'VIKY ALEJANDRA', 0, 0, 0, 0, 0, 0, 0, 1, 0, '2019-08-18 01:47:46', '2019-08-18 01:47:46', NULL, 'NO'),
(125, '21723710', '6', '1° B', NULL, 'RODRÍGUEZ MORALES', 'AMELIA PAZ', 0, 0, 0, 0, 0, 0, 0, 1, 0, '2019-08-18 01:47:46', '2019-08-18 01:47:46', NULL, 'NO'),
(126, '21245497', '4', '1° B', NULL, 'SALVO CASTILLO', 'ALISON BRIGITTE', 0, 0, 0, 0, 0, 0, 0, 1, 0, '2019-08-18 01:47:46', '2019-08-18 01:47:46', NULL, 'NO'),
(127, '21244779', 'K', '1° B', NULL, 'MAC-NAMARA FUENTES', 'ANTONIA MARTINA', 0, 0, 0, 0, 0, 0, 0, 1, 0, '2019-08-18 01:47:46', '2019-08-18 01:47:46', NULL, 'NO'),
(128, '21511840', '1', '1° B', NULL, 'BELTRÁN FARIÑA', 'ANTONIA MILLARAY', 0, 0, 0, 0, 0, 0, 0, 1, 0, '2019-08-18 01:47:46', '2019-08-18 01:47:46', NULL, 'NO'),
(129, '21551457', '9', '1° B', NULL, 'CAÑETE GANDARA', 'JAVIERA CONSTANZA', 0, 0, 0, 0, 0, 0, 0, 1, 0, '2019-08-18 01:47:46', '2019-08-18 01:47:46', NULL, 'NO'),
(130, '21745393', '3', '1° B', NULL, 'DÍAZ CHÁVEZ', 'HELLEN ALEJANDRA', 0, 0, 0, 0, 0, 0, 0, 1, 0, '2019-08-18 01:47:46', '2019-08-18 01:47:46', NULL, 'NO'),
(131, '21256043', 'K', '1° B', NULL, 'MONTOYA PRADO', 'ISIDORA JOSEFA', 0, 0, 0, 0, 0, 0, 0, 1, 0, '2019-08-18 01:47:46', '2019-08-18 01:47:46', NULL, 'NO'),
(132, '21593821', '2', '1° C', NULL, 'FLORES YÁÑEZ', 'VALENTINA ESPERANZA', 0, 0, 0, 0, 0, 0, 0, 1, 0, '2019-08-18 01:47:46', '2019-08-18 01:47:46', NULL, 'NO'),
(133, '21491848', 'K', '1° C', NULL, 'CELIS ROJAS', 'FRANCISCA ESPERANZA', 0, 0, 0, 0, 0, 0, 0, 1, 0, '2019-08-18 01:47:46', '2019-08-18 01:47:46', NULL, 'NO'),
(134, '21654481', '1', '1° C', NULL, 'MADRID NEGRETE', 'CONSTANZA REBECA NATHALY', 0, 0, 0, 0, 0, 0, 0, 1, 0, '2019-08-18 01:47:46', '2019-08-18 01:47:46', NULL, 'NO'),
(135, '20293268', '1', '1° C', NULL, 'MATAMORO FERNÁNDEZ', 'SCARLETH SOLANGE', 0, 0, 0, 0, 0, 0, 0, 1, 0, '2019-08-18 01:47:46', '2019-08-18 01:47:46', NULL, 'NO'),
(136, '21070906', '1', '1° C', NULL, 'MUÑOZ CÁCERES', 'DARLAYN MICHELE ANTONIA', 0, 0, 0, 0, 0, 0, 0, 1, 0, '2019-08-18 01:47:46', '2019-08-18 01:47:46', NULL, 'NO'),
(137, '21758399', '3', '1° C', NULL, 'LAZO OLIVERA', 'ANGELINA KRISHNA', 0, 0, 0, 0, 0, 0, 0, 1, 0, '2019-08-18 01:47:46', '2019-08-18 01:47:46', NULL, 'NO'),
(138, '21661086', '5', '1° C', NULL, 'AYALA DÍAZ', 'MERY ANN FRANCISCA', 0, 0, 0, 0, 0, 0, 0, 1, 0, '2019-08-18 01:47:46', '2019-08-18 01:47:46', NULL, 'NO'),
(139, '21599954', '8', '1° C', NULL, 'SAN MARTÍN OSSANDÓN', 'DAYANNE DEYANYRA', 0, 0, 0, 0, 0, 0, 0, 1, 0, '2019-08-18 01:47:46', '2019-08-18 01:47:46', NULL, 'NO'),
(140, '100412143', '7', '1° C', NULL, 'MEJIA AGUDELO', 'VERONICA', 0, 0, 0, 0, 0, 0, 0, 1, 0, '2019-08-18 01:47:46', '2019-08-18 01:47:46', NULL, 'NO'),
(141, '21806956', '8', '1° C', NULL, 'VALDEBENITO SANTANA', 'CONSTANZA EILEEN', 0, 0, 0, 0, 0, 0, 0, 1, 0, '2019-08-18 01:47:46', '2019-08-18 01:47:46', NULL, 'NO'),
(142, '21245596', '2', '1° C', NULL, 'CONTRERAS PARDO', 'FRANCISCA BELEN', 0, 0, 0, 0, 0, 0, 0, 1, 0, '2019-08-18 01:47:46', '2019-08-18 01:47:46', NULL, 'NO'),
(143, '21647213', '6', '1° C', NULL, 'ARENAS ARENAS', 'FERNANDA ANTONIA', 0, 0, 0, 0, 0, 0, 0, 1, 0, '2019-08-18 01:47:46', '2019-08-18 01:47:46', NULL, 'NO'),
(144, '21831939', '4', '1° C', NULL, 'ZÚÑIGA MONASTERIO', 'EVELYN MICHELLE', 0, 0, 0, 0, 0, 0, 0, 1, 0, '2019-08-18 01:47:46', '2019-08-18 01:47:46', NULL, 'NO'),
(145, '21777086', '6', '1° C', NULL, 'LACIART MUÑOZ', 'VERÓNICA ALEJANDRA', 0, 0, 0, 0, 0, 0, 0, 1, 0, '2019-08-18 01:47:46', '2019-08-18 01:47:46', NULL, 'NO'),
(146, '21589039', '2', '1° C', NULL, 'MUÑOZ RIVERA', 'KIARA BRILLIT', 0, 0, 0, 0, 0, 0, 0, 1, 0, '2019-08-18 01:47:46', '2019-08-18 01:47:46', NULL, 'NO'),
(147, '21630597', '3', '1° C', NULL, 'CANDIA INOSTROZA', 'IGNACIA ESCARLETH', 0, 0, 0, 0, 0, 0, 0, 1, 0, '2019-08-18 01:47:46', '2019-08-18 01:47:46', NULL, 'NO'),
(148, '21409340', '5', '1° C', NULL, 'CÓRDOVA CASTRO', 'JOSEFA ESPERANZA', 0, 0, 0, 0, 0, 0, 0, 1, 0, '2019-08-18 01:47:46', '2019-08-18 01:47:46', NULL, 'NO'),
(149, '21489603', '6', '1° C', NULL, 'RUIZ ALARCÓN', 'ROCÍO SCARLETT', 0, 0, 0, 0, 0, 0, 0, 1, 0, '2019-08-18 01:47:46', '2019-08-18 01:47:46', NULL, 'NO'),
(150, '21737660', '2', '1° C', NULL, 'RAMÍREZ DUERY', 'VALENTINA ESCARLETT', 0, 0, 0, 0, 0, 0, 0, 1, 0, '2019-08-18 01:47:46', '2019-08-18 01:47:46', NULL, 'NO'),
(151, '20889361', '0', '1° C', NULL, 'ALARCÓN OLGUÍN', 'CAROLINA ANDREA', 0, 0, 0, 0, 0, 0, 0, 1, 0, '2019-08-18 01:47:46', '2019-08-18 01:47:46', NULL, 'NO'),
(152, '21297049', '2', '1° C', NULL, 'ESCOBEDO FERNÁNDEZ', 'YULIANNA CATALINA', 0, 0, 0, 0, 0, 0, 0, 1, 0, '2019-08-18 01:47:46', '2019-08-18 01:47:46', NULL, 'NO'),
(153, '20932490', '3', '1° C', NULL, 'VILO GUTIÉRREZ', 'POLET AILIN', 0, 0, 0, 0, 0, 0, 0, 1, 0, '2019-08-18 01:47:46', '2019-08-18 01:47:46', NULL, 'NO'),
(154, '21825510', '8', '1° C', NULL, 'QUEZADA BUSTOS', 'CAMILA CAROLINA', 0, 0, 0, 0, 0, 0, 0, 1, 0, '2019-08-18 01:47:46', '2019-08-18 01:47:46', NULL, 'NO'),
(155, '100467891', '1', '1° C', NULL, 'CONTRERAS CASTILLO', 'ANYOLINA JULIETT', 0, 0, 0, 0, 0, 0, 0, 1, 0, '2019-08-18 01:47:46', '2019-08-18 01:47:46', NULL, 'NO'),
(156, '21669314', '0', '1° C', NULL, 'OBREQUE ORTIZ', 'MILLARAY ANDREA', 0, 0, 0, 0, 0, 0, 0, 1, 0, '2019-08-18 01:47:46', '2019-08-18 01:47:46', NULL, 'NO'),
(157, '100379382', '2', '1° D', NULL, 'HIDALGO BARBOZA', 'EDELMARI CAROLINA', 0, 0, 0, 0, 0, 0, 0, 1, 0, '2019-08-18 01:47:46', '2019-08-18 01:47:46', NULL, 'NO'),
(158, '21339284', '0', '1° D', NULL, 'GONZÁLEZ LUCERO', 'NICOLE SCARLET', 0, 0, 0, 0, 0, 0, 0, 1, 0, '2019-08-18 01:47:46', '2019-08-18 01:47:46', NULL, 'NO'),
(159, '21641179', 'K', '1° D', NULL, 'MUÑOZ LEAL', 'FRANCISCA ISABELLA', 0, 0, 0, 0, 0, 0, 0, 1, 0, '2019-08-18 01:47:46', '2019-08-18 01:47:46', NULL, 'NO'),
(160, '21735305', 'K', '1° D', NULL, 'AGUILAR BURGOS', 'FERNANDA ANGELLY', 0, 0, 0, 0, 0, 0, 0, 1, 0, '2019-08-18 01:47:46', '2019-08-18 01:47:46', NULL, 'NO'),
(161, '20418445', '3', '1° D', NULL, 'VALDIVIA MATUS', 'SCARLETT ALEJANDRA', 0, 0, 0, 0, 0, 0, 0, 1, 0, '2019-08-18 01:47:46', '2019-08-18 01:47:46', NULL, 'NO'),
(162, '21589337', '5', '1° D', NULL, 'TORRES CARVAJAL', 'PRISCILA', 0, 0, 0, 0, 0, 0, 0, 1, 0, '2019-08-18 01:47:46', '2019-08-18 01:47:46', NULL, 'NO'),
(163, '21243441', '8', '1° D', NULL, 'ROA DROGUETT', 'KATHERINE ALEJANDRA', 0, 0, 0, 0, 0, 0, 0, 1, 0, '2019-08-18 01:47:46', '2019-08-18 01:47:46', NULL, 'NO'),
(164, '21514200', '0', '1° D', NULL, 'MENDOZA BASTÍAS', 'JUNESI DANAE', 0, 0, 0, 0, 0, 0, 0, 1, 0, '2019-08-18 01:47:46', '2019-08-18 01:47:46', NULL, 'NO'),
(165, '21694184', '5', '1° D', NULL, 'PINO DÍAZ', 'AMPARO MILLARAY', 0, 0, 0, 0, 0, 0, 0, 1, 0, '2019-08-18 01:47:46', '2019-08-18 01:47:46', NULL, 'NO'),
(166, '21779782', '9', '1° D', NULL, 'NAVARRETE CAMPOS', 'MARTINA VIRGINIA', 0, 0, 0, 0, 0, 0, 0, 1, 0, '2019-08-18 01:47:46', '2019-08-18 01:47:46', NULL, 'NO'),
(167, '21240702', 'K', '1° D', NULL, 'MUZA ANDRADES', 'MANUELA ALEJANDRA', 0, 0, 0, 0, 0, 0, 0, 1, 0, '2019-08-18 01:47:46', '2019-08-18 01:47:46', NULL, 'NO'),
(168, '21686673', '8', '1° D', NULL, 'ROJAS ALMAZÁN', 'CAMILA ANTONIA', 0, 0, 0, 0, 0, 0, 0, 1, 0, '2019-08-18 01:47:46', '2019-08-18 01:47:46', NULL, 'NO'),
(169, '20561709', '4', '1° D', NULL, 'GÁLVEZ POZO', 'YUSARI YISLEIN', 0, 0, 0, 0, 0, 0, 0, 1, 0, '2019-08-18 01:47:46', '2019-08-18 01:47:46', NULL, 'NO'),
(170, '24656838', '3', '1° D', NULL, 'TORREZ TOLEDO', 'NOELIA DEL ROSARIO', 0, 0, 0, 0, 0, 0, 0, 1, 0, '2019-08-18 01:47:46', '2019-08-18 01:47:46', NULL, 'NO'),
(171, '21296976', '1', '1° D', NULL, 'CASTILLO BRIONES', 'ASTRID DAYANA', 0, 0, 0, 0, 0, 0, 0, 1, 0, '2019-08-18 01:47:46', '2019-08-18 01:47:46', NULL, 'NO'),
(172, '100412548', '3', '1° D', NULL, 'LOPEZ MELENDEZ', 'ALIANNY BETZABETH', 0, 0, 0, 0, 0, 0, 0, 1, 0, '2019-08-18 01:47:46', '2019-08-18 01:47:46', NULL, 'NO'),
(173, '21761909', '2', '1° D', NULL, 'SILVA RODRÍGUEZ', 'VALENTINA ANDREA', 0, 0, 0, 0, 0, 0, 0, 1, 0, '2019-08-18 01:47:46', '2019-08-18 01:47:46', NULL, 'NO'),
(174, '25373743', '3', '1° D', NULL, 'EDMOND ', 'SABRINA', 0, 0, 0, 0, 0, 0, 0, 1, 0, '2019-08-18 01:47:46', '2019-08-18 01:47:46', NULL, 'NO'),
(175, '21787808', 'K', '1° D', NULL, 'MONILLA GUTIÉRREZ', 'DEBORA IGNACIA', 0, 0, 0, 0, 0, 0, 0, 1, 0, '2019-08-18 01:47:46', '2019-08-18 01:47:46', NULL, 'NO'),
(176, '21761887', '8', '1° D', NULL, 'SILVA RODRÍGUEZ', 'SOFÍA ANTONIA', 0, 0, 0, 0, 0, 0, 0, 1, 0, '2019-08-18 01:47:46', '2019-08-18 01:47:46', NULL, 'NO'),
(177, '21347053', '1', '1° D', NULL, 'DÍAZ LAMILLA', 'VANESSA ALEJANDRA', 0, 0, 0, 0, 0, 0, 0, 1, 0, '2019-08-18 01:47:46', '2019-08-18 01:47:46', NULL, 'NO'),
(178, '21843231', 'K', '1° D', NULL, 'CÁCERES ROJAS', 'MONSERRAT ANTONELLA', 0, 0, 0, 0, 0, 0, 0, 1, 0, '2019-08-18 01:47:46', '2019-08-18 01:47:46', NULL, 'NO'),
(179, '21679339', '0', '1° D', NULL, 'HIDALGO VALDEBENITO', 'SUGEHY PALOMA ALMENDRA', 0, 0, 0, 0, 0, 0, 0, 1, 0, '2019-08-18 01:47:46', '2019-08-18 01:47:46', NULL, 'NO'),
(180, '21622992', '4', '1° D', NULL, 'MELLADO GÓMEZ', 'MILLARAY BELÉN', 0, 0, 0, 0, 0, 0, 0, 1, 0, '2019-08-18 01:47:46', '2019-08-18 01:47:46', NULL, 'NO'),
(181, '21588622', '0', '1° D', NULL, 'PÉREZ ZAMBRANO', 'VALENTINA ESTEFANÍA', 0, 0, 0, 0, 0, 0, 0, 1, 0, '2019-08-18 01:47:46', '2019-08-18 01:47:46', NULL, 'NO'),
(182, '21674823', '9', '1° D', NULL, 'IBARRA CARREÑO', 'MARISOL SABRINA', 0, 0, 0, 0, 0, 0, 0, 1, 0, '2019-08-18 01:47:46', '2019-08-18 01:47:46', NULL, 'NO'),
(183, '21725655', '0', '1° E', NULL, 'PALACIOS PALACIOS', 'VIOLETA', 0, 0, 0, 0, 0, 0, 0, 1, 0, '2019-08-18 01:47:46', '2019-08-18 01:47:46', NULL, 'NO'),
(184, '21381223', '8', '1° E', NULL, 'VALDÉS VALDÉS', 'MARÍA PAZ', 0, 0, 0, 0, 0, 0, 0, 1, 0, '2019-08-18 01:47:46', '2019-08-18 01:47:46', NULL, 'NO'),
(185, '100430533', '3', '1° E', NULL, 'requejo sinisterra', 'ZULAY DAYANA', 0, 0, 0, 0, 0, 0, 0, 1, 0, '2019-08-18 01:47:46', '2019-08-18 01:47:46', NULL, 'NO'),
(186, '21810629', '3', '1° E', NULL, 'PEREZ TAPIA', 'ALONDRA ANTONIA', 0, 0, 0, 0, 0, 0, 0, 1, 0, '2019-08-18 01:47:46', '2019-08-18 01:47:46', NULL, 'NO'),
(187, '21395710', '4', '1° E', NULL, 'MUÑOZ RUIZ', 'NOELIA PAZ', 0, 0, 0, 0, 0, 0, 0, 1, 0, '2019-08-18 01:47:46', '2019-08-18 01:47:46', NULL, 'NO'),
(188, '21803568', 'K', '1° E', NULL, 'BANDA FUENZALIDA', 'LORENA ANDREA', 0, 0, 0, 0, 0, 0, 0, 1, 0, '2019-08-18 01:47:46', '2019-08-18 01:47:46', NULL, 'NO'),
(189, '21063778', '8', '1° E', NULL, 'GAVILÁN GAVILÁN', 'DOMINIQUE ANAÍS', 0, 0, 0, 0, 0, 0, 0, 1, 0, '2019-08-18 01:47:46', '2019-08-18 01:47:46', NULL, 'NO'),
(190, '21377851', 'K', '1° E', NULL, 'SALAS PAVEZ', 'KRISHNA AYLIN', 0, 0, 0, 0, 0, 0, 0, 1, 0, '2019-08-18 01:47:46', '2019-08-18 01:47:46', NULL, 'NO'),
(191, '21715901', '6', '1° E', NULL, 'CENAS SAUCEDO', 'SOPHIA COLOMBA', 0, 0, 0, 0, 0, 0, 0, 1, 0, '2019-08-18 01:47:46', '2019-08-18 01:47:46', NULL, 'NO'),
(192, '21497536', 'K', '1° E', NULL, 'GONZÁLEZ ROBLEDO', 'CAMILA ALEJANDRA DEL PILAR', 0, 0, 0, 0, 0, 0, 0, 1, 0, '2019-08-18 01:47:46', '2019-08-18 01:47:46', NULL, 'NO'),
(193, '21414557', 'K', '1° E', NULL, 'URIBE RAMÍREZ', 'AINARA ANDREA', 0, 0, 0, 0, 0, 0, 0, 1, 0, '2019-08-18 01:47:46', '2019-08-18 01:47:46', NULL, 'NO'),
(194, '21337889', '9', '1° E', NULL, 'TAPIA ZÚÑIGA', 'CONSTANZA ALMENDRA', 0, 0, 0, 0, 0, 0, 0, 1, 0, '2019-08-18 01:47:46', '2019-08-18 01:47:46', NULL, 'NO'),
(195, '21841718', '3', '1° E', NULL, 'MELLA MOYA', 'PAULINA BELÉN', 0, 0, 0, 0, 0, 0, 0, 1, 0, '2019-08-18 01:47:46', '2019-08-18 01:47:46', NULL, 'NO'),
(196, '21404925', '2', '1° E', NULL, 'VÁSQUEZ LEIVA', 'CAMILA LILIAN', 0, 0, 0, 0, 0, 0, 0, 1, 0, '2019-08-18 01:47:46', '2019-08-18 01:47:46', NULL, 'NO'),
(197, '21463396', '5', '1° E', NULL, 'MARTÍNEZ ROCHA', 'CARMEN GLORIA', 0, 0, 0, 0, 0, 0, 0, 1, 0, '2019-08-18 01:47:46', '2019-08-18 01:47:46', NULL, 'NO'),
(198, '21554393', '5', '1° E', NULL, 'ESCAMILLA SOTO', 'VALENTINA BELÉN', 0, 0, 0, 0, 0, 0, 0, 1, 0, '2019-08-18 01:47:46', '2019-08-18 01:47:46', NULL, 'NO'),
(199, '21375420', '3', '1° E', NULL, 'ORELLANA VALENZUELA', 'DAMARIS ANAÍS', 0, 0, 0, 0, 0, 0, 0, 1, 0, '2019-08-18 01:47:46', '2019-08-18 01:47:46', NULL, 'NO'),
(200, '21703761', '1', '1° E', NULL, 'PINILLA LEÓN', 'RACHEL VALERIA', 0, 0, 0, 0, 0, 0, 0, 1, 0, '2019-08-18 01:47:46', '2019-08-18 01:47:46', NULL, 'NO'),
(201, '21301228', '2', '1° E', NULL, 'GODOY GUZMÁN', 'BELÉN CONSUELO', 0, 0, 0, 0, 0, 0, 0, 1, 0, '2019-08-18 01:47:46', '2019-08-18 01:47:46', NULL, 'NO'),
(202, '21700535', '3', '1° E', NULL, 'LEIVA BERRÍOS', 'IGNACIA ANDREA', 0, 0, 0, 0, 0, 0, 0, 1, 0, '2019-08-18 01:47:46', '2019-08-18 01:47:46', NULL, 'NO'),
(203, '23038718', '4', '1° E', NULL, 'TAPIA ROMERO', 'EVA ROMINA', 0, 0, 0, 0, 0, 0, 0, 1, 0, '2019-08-18 01:47:46', '2019-08-18 01:47:46', NULL, 'NO'),
(204, '21798121', '2', '1° E', NULL, 'ROMERO BERRÍOS', 'CONSTANZA ISIDORA', 0, 0, 0, 0, 0, 0, 0, 1, 0, '2019-08-18 01:47:46', '2019-08-18 01:47:46', NULL, 'NO'),
(205, '21371966', '1', '1° E', NULL, 'PASTENE PEÑALOZA', 'KARLA ANTONIA', 0, 0, 0, 0, 0, 0, 0, 1, 0, '2019-08-18 01:47:46', '2019-08-18 01:47:46', NULL, 'NO'),
(206, '21742109', '8', '1° E', NULL, 'BAEZ SOTO', 'PÍA FRANCISCA BELÉN', 0, 0, 0, 0, 0, 0, 0, 1, 0, '2019-08-18 01:47:46', '2019-08-18 01:47:46', NULL, 'NO'),
(207, '26395595', '1', '1° E', NULL, 'SULBARAN PAREDES', 'ALBANY VALENTINA', 0, 0, 0, 0, 0, 0, 0, 1, 0, '2019-08-18 01:47:46', '2019-08-18 01:47:46', NULL, 'NO'),
(208, '21401526', '9', '1° E', NULL, 'BUENO NIETO', 'RENATA PAULINA', 0, 0, 0, 0, 0, 0, 0, 1, 0, '2019-08-18 01:47:46', '2019-08-18 01:47:46', NULL, 'NO'),
(209, '21806757', '3', '1° E', NULL, 'BENAVENTE RAMÍREZ', 'MONSERRAT AMARHAMA', 0, 0, 0, 0, 0, 0, 0, 1, 0, '2019-08-18 01:47:46', '2019-08-18 01:47:46', NULL, 'NO'),
(210, '21269780', 'K', '1° E', NULL, 'CARO BUSTAMANTE', 'MONSERRAT VALENTINA DEL CARMEN', 0, 0, 0, 0, 0, 0, 0, 1, 0, '2019-08-18 01:47:46', '2019-08-18 01:47:46', NULL, 'NO'),
(211, '21774554', '3', '1° E', NULL, 'PADILLA ALEGRÍA', 'VALERIA BELÉN', 0, 0, 0, 0, 0, 0, 0, 1, 0, '2019-08-18 01:47:46', '2019-08-18 01:47:46', NULL, 'NO'),
(212, '21258695', '1', '1° F', NULL, 'SOTO CARREÑO', 'DANIELA FERNANDA', 0, 0, 0, 0, 0, 0, 0, 1, 0, '2019-08-18 01:47:46', '2019-08-18 01:47:46', NULL, 'NO'),
(213, '21591393', '7', '1° F', NULL, 'LÓPEZ PRAIHUÁN', 'DIYISLEE ANAÍS', 0, 0, 0, 0, 0, 0, 0, 1, 0, '2019-08-18 01:47:46', '2019-08-18 01:47:46', NULL, 'NO'),
(214, '21601367', '0', '1° F', NULL, 'OYARZÚN VIDAL', 'SCARLETT DE LAS NIEVES', 0, 0, 0, 0, 0, 0, 0, 1, 0, '2019-08-18 01:47:46', '2019-08-18 01:47:46', NULL, 'NO'),
(215, '21340880', '1', '1° F', NULL, 'TOBAR PÉREZ', 'JAVIERA VALENTINA', 0, 0, 0, 0, 0, 0, 0, 1, 0, '2019-08-18 01:47:46', '2019-08-18 01:47:46', NULL, 'NO'),
(216, '21454923', '9', '1° F', NULL, 'VALLEJO GONZÁLEZ', 'KATTERIN PATRICIA', 0, 0, 0, 0, 0, 0, 0, 1, 0, '2019-08-18 01:47:46', '2019-08-18 01:47:46', NULL, 'NO'),
(217, '21227027', 'K', '1° F', NULL, 'CARRASCO VALENZUELA', 'GRACE ANDREA', 0, 0, 0, 0, 0, 0, 0, 1, 0, '2019-08-18 01:47:46', '2019-08-18 01:47:46', NULL, 'NO'),
(218, '21297263', '0', '1° F', NULL, 'MENESES BELLAFONT', 'FERNANDA RAYEN', 0, 0, 0, 0, 0, 0, 0, 1, 0, '2019-08-18 01:47:46', '2019-08-18 01:47:46', NULL, 'NO'),
(219, '21636916', '5', '1° F', NULL, 'GUTIÉRREZ JARA', 'CONSTANZA ANDREA', 0, 0, 0, 0, 0, 0, 0, 1, 0, '2019-08-18 01:47:46', '2019-08-18 01:47:46', NULL, 'NO'),
(220, '21620376', '3', '1° F', NULL, 'GARRIDO MENESES', 'ENYGER CONSTANZA', 0, 0, 0, 0, 0, 0, 0, 1, 0, '2019-08-18 01:47:46', '2019-08-18 01:47:46', NULL, 'NO'),
(221, '21682957', '3', '1° F', NULL, 'GONZÁLEZ MOLINA', 'FRANCIA POLET', 0, 0, 0, 0, 0, 0, 0, 1, 0, '2019-08-18 01:47:46', '2019-08-18 01:47:46', NULL, 'NO'),
(222, '21844091', '6', '1° F', NULL, 'MILLALÉN ÁLVAREZ', 'ISABEL ALEJANDRA', 0, 0, 0, 0, 0, 0, 0, 1, 0, '2019-08-18 01:47:46', '2019-08-18 01:47:46', NULL, 'NO'),
(223, '21201407', '9', '1° F', NULL, 'SOTO LAGOS', 'DANAE ALEJANDRA', 0, 0, 0, 0, 0, 0, 0, 1, 0, '2019-08-18 01:47:46', '2019-08-18 01:47:46', NULL, 'NO'),
(224, '21494946', '6', '1° F', NULL, 'PARRA BARRÍA', 'OLGA MORGANA', 0, 0, 0, 0, 0, 0, 0, 1, 0, '2019-08-18 01:47:46', '2019-08-18 01:47:46', NULL, 'NO'),
(225, '21576488', '5', '1° F', NULL, 'CONTRERAS URRUTIA', 'ELIZABETH ANTONIA', 0, 0, 0, 0, 0, 0, 0, 1, 0, '2019-08-18 01:47:46', '2019-08-18 01:47:46', NULL, 'NO'),
(226, '21643269', 'K', '1° F', NULL, 'MATAMALA CUEVAS', 'NOELHIA ESPERANZA', 0, 0, 0, 0, 0, 0, 0, 1, 0, '2019-08-18 01:47:46', '2019-08-18 01:47:46', NULL, 'NO'),
(227, '21584253', '3', '1° F', NULL, 'MEJÍAS FERRADA', 'FERNANDA MARCELA', 0, 0, 0, 0, 0, 0, 0, 1, 0, '2019-08-18 01:47:46', '2019-08-18 01:47:46', NULL, 'NO'),
(228, '20932354', '0', '1° F', NULL, 'MANZOR MOSCA', 'YADHIRA AYELEN DEL CARMEN', 0, 0, 0, 0, 0, 0, 0, 1, 0, '2019-08-18 01:47:46', '2019-08-18 01:47:46', NULL, 'NO'),
(229, '21757590', '7', '1° F', NULL, 'ROMERO TAPIA', 'CRISTAL DAYANA', 0, 0, 0, 0, 0, 0, 0, 1, 0, '2019-08-18 01:47:46', '2019-08-18 01:47:46', NULL, 'NO'),
(230, '21801019', '9', '1° F', NULL, 'TREJO MALTEZ', 'CONSTANZA BELÉN', 0, 0, 0, 0, 0, 0, 0, 1, 0, '2019-08-18 01:47:46', '2019-08-18 01:47:46', NULL, 'NO'),
(231, '24268136', '3', '1° F', NULL, 'ROSALES REYES', 'ROMMY ROSMERY', 0, 0, 0, 0, 0, 0, 0, 1, 0, '2019-08-18 01:47:46', '2019-08-18 01:47:46', NULL, 'NO'),
(232, '21569107', '1', '1° F', NULL, 'BRAVO AGUERO', 'LAHURYN STEPHANIE', 0, 0, 0, 0, 0, 0, 0, 1, 0, '2019-08-18 01:47:46', '2019-08-18 01:47:46', NULL, 'NO'),
(233, '26660745', '8', '1° F', NULL, 'MORAN AZUAJE', 'YORGELIS PATRICIA', 0, 0, 0, 0, 0, 0, 0, 1, 0, '2019-08-18 01:47:46', '2019-08-18 01:47:46', NULL, 'NO'),
(234, '21281661', '2', '1° F', NULL, 'POBLETE DUARTE', 'DANIELA VALENTINA', 0, 0, 0, 0, 0, 0, 0, 1, 0, '2019-08-18 01:47:46', '2019-08-18 01:47:46', NULL, 'NO'),
(235, '20931956', 'K', '1° F', NULL, 'CARRASCO ORTIZ', 'CATALINA ALEJANDRA', 0, 0, 0, 0, 0, 0, 0, 1, 0, '2019-08-18 01:47:46', '2019-08-18 01:47:46', NULL, 'NO'),
(236, '21551590', '7', '1° F', NULL, 'OSORIO HIDALGO', 'CAMILA FERNANDA MILLARAY', 0, 0, 0, 0, 0, 0, 0, 1, 0, '2019-08-18 01:47:46', '2019-08-18 01:47:46', NULL, 'NO'),
(237, '21552653', '4', '1° F', NULL, 'DÍAZ IBACACHE', 'PALOMA ANAÍS', 0, 0, 0, 0, 0, 0, 0, 1, 0, '2019-08-18 01:47:46', '2019-08-18 01:47:46', NULL, 'NO'),
(238, '25380257', 'K', '1° F', NULL, 'ESCOBAR PARRA', 'MARIANA', 0, 0, 0, 0, 0, 0, 0, 1, 0, '2019-08-18 01:47:46', '2019-08-18 01:47:46', NULL, 'NO'),
(239, '21095548', '8', '2° A', NULL, 'SUBERCASEAUX MARCELL', 'SALOMÉ SIMONE', 0, 0, 0, 0, 0, 0, 0, 1, 0, '2019-08-18 01:47:46', '2019-08-18 01:47:46', NULL, 'NO'),
(240, '21570370', '3', '2° A', NULL, 'ALARCÓN PEÑA', 'CONSTANZA MARCELA', 0, 0, 0, 0, 0, 0, 0, 1, 0, '2019-08-18 01:47:46', '2019-08-18 01:47:46', NULL, 'NO'),
(241, '21075178', '5', '2° A', NULL, 'VALLE TAPIA', 'MONSERRAT ARANZAZU', 0, 0, 0, 0, 0, 0, 0, 1, 0, '2019-08-18 01:47:46', '2019-08-18 01:47:46', NULL, 'NO'),
(242, '21596654', '2', '2° A', NULL, 'GONZÁLEZ LEÓN', 'VALERIA ALEXANDRA', 0, 0, 0, 0, 0, 0, 0, 1, 0, '2019-08-18 01:47:46', '2019-08-18 01:47:46', NULL, 'NO'),
(243, '20974674', '3', '2° A', NULL, 'VIDAL CASTILLO', 'CONSTANZA ANDREA', 0, 0, 0, 0, 0, 0, 0, 1, 0, '2019-08-18 01:47:46', '2019-08-18 01:47:46', NULL, 'NO'),
(244, '26115508', '7', '2° A', NULL, 'MENENDEZ SILVA', 'MELANIE LISBETH', 0, 0, 0, 0, 0, 0, 0, 1, 0, '2019-08-18 01:47:46', '2019-08-18 01:47:46', NULL, 'NO'),
(245, '20793121', '7', '2° A', NULL, 'CATALÁN MONCADA', 'KALA MARIOLY', 0, 0, 0, 0, 0, 0, 0, 1, 0, '2019-08-18 01:47:46', '2019-08-18 01:47:46', NULL, 'NO'),
(246, '20932375', '3', '2° A', NULL, 'ALIAGA ALIAGA', 'KATHYA FERNANDA', 0, 0, 0, 0, 0, 0, 0, 1, 0, '2019-08-18 01:47:46', '2019-08-18 01:47:46', NULL, 'NO'),
(247, '20835950', '9', '2° A', NULL, 'GATICA GONZÁLEZ', 'JAVIERA DEL PILAR', 0, 0, 0, 0, 0, 0, 0, 1, 0, '2019-08-18 01:47:46', '2019-08-18 01:47:46', NULL, 'NO'),
(248, '21601805', '2', '2° A', NULL, 'DÍAZ LÓPEZ', 'KATIA PAOLA', 0, 0, 0, 0, 0, 0, 0, 1, 0, '2019-08-18 01:47:46', '2019-08-18 01:47:46', NULL, 'NO'),
(249, '21094381', '1', '2° A', NULL, 'SALDÍAS FEKMANN', 'ALLYSON ANDREA', 0, 0, 0, 0, 0, 0, 0, 1, 0, '2019-08-18 01:47:46', '2019-08-18 01:47:46', NULL, 'NO'),
(250, '21566941', '6', '2° A', NULL, 'FLORES LIENDO', 'DAFNNE JAEL CAROLINA', 0, 0, 0, 0, 0, 0, 0, 1, 0, '2019-08-18 01:47:46', '2019-08-18 01:47:46', NULL, 'NO'),
(251, '21647655', '7', '2° A', NULL, 'SALDIAS FEKMANN', 'JAVIERA IGNACIA', 0, 0, 0, 0, 0, 0, 0, 1, 0, '2019-08-18 01:47:46', '2019-08-18 01:47:46', NULL, 'NO'),
(252, '20670130', '7', '2° A', NULL, 'DONOSO RUBILAR', 'VALENTINA ALEJANDRA', 0, 0, 0, 0, 0, 0, 0, 1, 0, '2019-08-18 01:47:46', '2019-08-18 01:47:46', NULL, 'NO'),
(253, '21254332', '2', '2° A', NULL, 'CÁCERES SEPÚLVEDA', 'ROSA MARÍA', 0, 0, 0, 0, 0, 0, 0, 1, 0, '2019-08-18 01:47:46', '2019-08-18 01:47:46', NULL, 'NO'),
(254, '21354073', '4', '2° A', NULL, 'JELDRES JARA', 'KARLA ROCÍO', 0, 0, 0, 0, 0, 0, 0, 1, 0, '2019-08-18 01:47:46', '2019-08-18 01:47:46', NULL, 'NO'),
(255, '21389423', '4', '2° A', NULL, 'ANIÑIR MOSQUERA', 'TIARE MILLARAY', 0, 0, 0, 0, 0, 0, 0, 1, 0, '2019-08-18 01:47:46', '2019-08-18 01:47:46', NULL, 'NO'),
(256, '21499690', '1', '2° A', NULL, 'GODOY FERNÁNDEZ', 'MARÍA JOSÉ', 0, 0, 0, 0, 0, 0, 0, 1, 0, '2019-08-18 01:47:46', '2019-08-18 01:47:46', NULL, 'NO'),
(257, '21146991', '9', '2° A', NULL, 'IBARRA MEJÍAS', 'ESTEFANÍA ALEJANDRA', 0, 0, 0, 0, 0, 0, 0, 1, 0, '2019-08-18 01:47:46', '2019-08-18 01:47:46', NULL, 'NO'),
(258, '21528201', '5', '2° A', NULL, 'CONTRERAS CÁRDENAS', 'FERNANDA SCARLETTE', 0, 0, 0, 0, 0, 0, 0, 1, 0, '2019-08-18 01:47:46', '2019-08-18 01:47:46', NULL, 'NO'),
(259, '21565096', '0', '2° A', NULL, 'GARCÍA ESCOBEDO', 'JOVANKA', 0, 0, 0, 0, 0, 0, 0, 1, 0, '2019-08-18 01:47:46', '2019-08-18 01:47:46', NULL, 'NO'),
(260, '21007320', '5', '2° A', NULL, 'OSORES MUÑOZ', 'MELISSA VALERIA', 0, 0, 0, 0, 0, 0, 0, 1, 0, '2019-08-18 01:47:46', '2019-08-18 01:47:46', NULL, 'NO'),
(261, '21531262', '3', '2° A', NULL, 'TORRES FERNÁNDEZ', 'NINOSHKA ANDREA', 0, 0, 0, 0, 0, 0, 0, 1, 0, '2019-08-18 01:47:46', '2019-08-18 01:47:46', NULL, 'NO'),
(262, '21466225', '6', '2° A', NULL, 'GÓMEZ MEDINA', 'AYLINE KAINA', 0, 0, 0, 0, 0, 0, 0, 1, 0, '2019-08-18 01:47:46', '2019-08-18 01:47:46', NULL, 'NO'),
(263, '20789428', '1', '2° A', NULL, 'GUTIÉRREZ MARAMBIO', 'BÁRBARA ARACELLI', 0, 0, 0, 0, 0, 0, 0, 1, 0, '2019-08-18 01:47:46', '2019-08-18 01:47:46', NULL, 'NO'),
(264, '21327047', '8', '2° A', NULL, 'JARA VALDÉS', 'ELISA MILCA', 0, 0, 0, 0, 0, 0, 0, 1, 0, '2019-08-18 01:47:46', '2019-08-18 01:47:46', NULL, 'NO'),
(265, '21465427', 'K', '2° A', NULL, 'CUBILLOS SANDOVAL', 'PAZ BELÉN', 0, 0, 0, 0, 0, 0, 0, 1, 0, '2019-08-18 01:47:46', '2019-08-18 01:47:46', NULL, 'NO'),
(266, '20840258', '7', '2° B', NULL, 'CÉSPEDES VERGARA', 'MILLARAY ALEJANDRA', 0, 0, 0, 0, 0, 0, 0, 1, 0, '2019-08-18 01:47:46', '2019-08-18 01:47:46', NULL, 'NO'),
(267, '21373976', 'K', '2° B', NULL, 'MORALES CONCHA', 'ROMINA BELÉN', 0, 0, 0, 0, 0, 0, 0, 1, 0, '2019-08-18 01:47:46', '2019-08-18 01:47:46', NULL, 'NO'),
(268, '100430525', '2', '2° B', NULL, 'REQUEJO SINISTERRA', 'YARI BLASNEYDI', 0, 0, 0, 0, 0, 0, 0, 1, 0, '2019-08-18 01:47:46', '2019-08-18 01:47:46', NULL, 'NO'),
(269, '21137692', '9', '2° B', NULL, 'PÉREZ BASUALDO', 'FRANCISCA JESÚS', 0, 0, 0, 0, 0, 0, 0, 1, 0, '2019-08-18 01:47:46', '2019-08-18 01:47:46', NULL, 'NO'),
(270, '21278635', '7', '2° B', NULL, 'ANDAUR POZO', 'MARÍA JOSÉ BERENICE', 0, 0, 0, 0, 0, 0, 0, 1, 0, '2019-08-18 01:47:46', '2019-08-18 01:47:46', NULL, 'NO'),
(271, '21562210', 'K', '2° B', NULL, 'CABELLO OLMEDO', 'ANTONIA PAZ', 0, 0, 0, 0, 0, 0, 0, 1, 0, '2019-08-18 01:47:46', '2019-08-18 01:47:46', NULL, 'NO'),
(272, '100316471', 'K', '2° B', NULL, 'PIERRE-LOUIS ', 'CLAIRE LIDIE NEPHTALIE', 0, 0, 0, 0, 0, 0, 0, 1, 0, '2019-08-18 01:47:46', '2019-08-18 01:47:46', NULL, 'NO'),
(273, '21244862', '1', '2° B', NULL, 'CID SALINAS', 'CATHERIN ALEXANDRA', 0, 0, 0, 0, 0, 0, 0, 1, 0, '2019-08-18 01:47:46', '2019-08-18 01:47:46', NULL, 'NO'),
(274, '21315526', '1', '2° B', NULL, 'LACIART MUÑOZ', 'CONSTANZA PARÍS', 0, 0, 0, 0, 0, 0, 0, 1, 0, '2019-08-18 01:47:46', '2019-08-18 01:47:46', NULL, 'NO'),
(275, '21239184', '0', '2° B', NULL, 'SILVA MONTECINO', 'VALENTINA BELÉN', 0, 0, 0, 0, 0, 0, 0, 1, 0, '2019-08-18 01:47:46', '2019-08-18 01:47:46', NULL, 'NO'),
(276, '21378387', '4', '2° B', NULL, 'ARAYA OLEA', 'JAVIERA VALENTINA', 0, 0, 0, 0, 0, 0, 0, 1, 0, '2019-08-18 01:47:46', '2019-08-18 01:47:46', NULL, 'NO'),
(277, '21005693', '9', '2° B', NULL, 'MATURANA RODRÍGUEZ', 'ALEXANDRA DE LAS MERCEDES', 0, 0, 0, 0, 0, 0, 0, 1, 0, '2019-08-18 01:47:46', '2019-08-18 01:47:46', NULL, 'NO'),
(278, '21202723', '5', '2° B', NULL, 'QUILODRÁN REYES', 'SOFÍA ANTONIA', 0, 0, 0, 0, 0, 0, 0, 1, 0, '2019-08-18 01:47:46', '2019-08-18 01:47:46', NULL, 'NO'),
(279, '21062562', '3', '2° B', NULL, 'VALENZUELA MORENO', 'DANIELA SALOMÉ', 0, 0, 0, 0, 0, 0, 0, 1, 0, '2019-08-18 01:47:46', '2019-08-18 01:47:46', NULL, 'NO'),
(280, '20936337', '2', '2° B', NULL, 'URIBE BUCAREY', 'PATRICIA BELÉN', 0, 0, 0, 0, 0, 0, 0, 1, 0, '2019-08-18 01:47:46', '2019-08-18 01:47:46', NULL, 'NO'),
(281, '21494455', '3', '2° B', NULL, 'FIGUEROA TOLEDO', 'FERNANDA ANDREA', 0, 0, 0, 0, 0, 0, 0, 1, 0, '2019-08-18 01:47:46', '2019-08-18 01:47:46', NULL, 'NO'),
(282, '21439231', '3', '2° B', NULL, 'ARAYA RIQUELME', 'JAVIERA STEFANIA', 0, 0, 0, 0, 0, 0, 0, 1, 0, '2019-08-18 01:47:46', '2019-08-18 01:47:46', NULL, 'NO'),
(283, '24656837', '5', '2° B', NULL, 'TORREZ TOLEDO', 'LUZMILA ELIZABETH', 0, 0, 0, 0, 0, 0, 0, 1, 0, '2019-08-18 01:47:46', '2019-08-18 01:47:46', NULL, 'NO'),
(284, '20932252', '8', '2° B', NULL, 'OCARANZA TORRES', 'BAHITIARE ALMENDRA', 0, 0, 0, 0, 0, 0, 0, 1, 0, '2019-08-18 01:47:46', '2019-08-18 01:47:46', NULL, 'NO'),
(285, '100432452', '4', '2° B', NULL, 'LAM ACEVEDO', 'LIN XIU FUNG', 0, 0, 0, 0, 0, 0, 0, 1, 0, '2019-08-18 01:47:46', '2019-08-18 01:47:46', NULL, 'NO'),
(286, '100429962', '7', '2° B', NULL, 'BELLO RODRIGUEZ', 'EMILEANNY DEL VALLE', 0, 0, 0, 0, 0, 0, 0, 1, 0, '2019-08-18 01:47:46', '2019-08-18 01:47:46', NULL, 'NO'),
(287, '100451240', '1', '2° B', NULL, 'PATIÑO BARRIOS', 'NIKHOL DAHAIANNE', 0, 0, 0, 0, 0, 0, 0, 1, 0, '2019-08-18 01:47:46', '2019-08-18 01:47:46', NULL, 'NO'),
(288, '21427386', '1', '2° B', NULL, 'DÍAZ LEIVA', 'JAVIERA IGNACIA', 0, 0, 0, 0, 0, 0, 0, 1, 0, '2019-08-18 01:47:46', '2019-08-18 01:47:46', NULL, 'NO'),
(289, '21427364', '0', '2° B', NULL, 'DÍAZ LEIVA', 'VALENTINA ANTONIA', 0, 0, 0, 0, 0, 0, 0, 1, 0, '2019-08-18 01:47:46', '2019-08-18 01:47:46', NULL, 'NO'),
(290, '26444825', '5', '2° B', NULL, 'TAMBO VELASQUEZ', 'KATHERINE DUBRASKA', 0, 0, 0, 0, 0, 0, 0, 1, 0, '2019-08-18 01:47:46', '2019-08-18 01:47:46', NULL, 'NO'),
(291, '21242959', '7', '2° B', NULL, 'GONZÁLEZ QUILALEO', 'CONSTANZA ANTONIA', 0, 0, 0, 0, 0, 0, 0, 1, 0, '2019-08-18 01:47:46', '2019-08-18 01:47:46', NULL, 'NO'),
(292, '21056427', '6', '2° B', NULL, 'MORENO NOVOA', 'ARACELLY CAROLINA', 0, 0, 0, 0, 0, 0, 0, 1, 0, '2019-08-18 01:47:46', '2019-08-18 01:47:46', NULL, 'NO'),
(293, '21519522', '8', '2° B', NULL, 'SAN MARTÍN LEPÍN', 'ÁMBAR DANNAE', 0, 0, 0, 0, 0, 0, 0, 1, 0, '2019-08-18 01:47:46', '2019-08-18 01:47:46', NULL, 'NO'),
(294, '21471631', '3', '2° C', NULL, 'ÁVILA VILLAGRA', 'DENISSE CATALINA', 0, 0, 0, 0, 0, 0, 0, 1, 0, '2019-08-18 01:47:46', '2019-08-18 01:47:46', NULL, 'NO'),
(295, '21371176', '8', '2° C', NULL, 'GALLARDO RUIZ', 'ANGÉLICA CONSTANCE', 0, 0, 0, 0, 0, 0, 0, 1, 0, '2019-08-18 01:47:46', '2019-08-18 01:47:46', NULL, 'NO'),
(296, '23753297', 'K', '2° C', NULL, 'QUISPE VILLANUEVA', 'MARYORY MAYLY', 0, 0, 0, 0, 0, 0, 0, 1, 0, '2019-08-18 01:47:46', '2019-08-18 01:47:46', NULL, 'NO'),
(297, '21498062', '2', '2° C', NULL, 'INOSTROZA BOSQUE', 'MONTSERRAT DE LOS ANGELES', 0, 0, 0, 0, 0, 0, 0, 1, 0, '2019-08-18 01:47:46', '2019-08-18 01:47:46', NULL, 'NO'),
(298, '21272068', '2', '2° C', NULL, 'SOTO LARRAÍN', 'ANTONIA ANAÍS', 0, 0, 0, 0, 0, 0, 0, 1, 0, '2019-08-18 01:47:46', '2019-08-18 01:47:46', NULL, 'NO'),
(299, '21418062', '6', '2° C', NULL, 'FLORES MÉNDEZ', 'DENISSE IGNACIA ANDREA', 0, 0, 0, 0, 0, 0, 0, 1, 0, '2019-08-18 01:47:46', '2019-08-18 01:47:46', NULL, 'NO'),
(300, '21428230', '5', '2° C', NULL, 'CONTRERAS MELLADO', 'CARLA CAROLINA DEL CARMEN', 0, 0, 0, 0, 0, 0, 0, 1, 0, '2019-08-18 01:47:46', '2019-08-18 01:47:46', NULL, 'NO'),
(301, '21244820', '6', '2° C', NULL, 'MUÑOZ PINTO', 'MONSERRAT ALEJANDRA PAZ', 0, 0, 0, 0, 0, 0, 0, 1, 0, '2019-08-18 01:47:46', '2019-08-18 01:47:46', NULL, 'NO'),
(302, '21231034', '4', '2° C', NULL, 'GHIONE ALDANA', 'CAMILA ANDREA', 0, 0, 0, 0, 0, 0, 0, 1, 0, '2019-08-18 01:47:46', '2019-08-18 01:47:46', NULL, 'NO'),
(303, '20576654', '5', '2° C', NULL, 'HERNANDEZ SERRANO', 'SASHA FRANCHESCA', 0, 0, 0, 0, 0, 0, 0, 1, 0, '2019-08-18 01:47:46', '2019-08-18 01:47:46', NULL, 'NO'),
(304, '21575610', '6', '2° C', NULL, 'NUÑEZ MELLAO', 'NANCY BELÉN', 0, 0, 0, 0, 0, 0, 0, 1, 0, '2019-08-18 01:47:46', '2019-08-18 01:47:46', NULL, 'NO'),
(305, '20931069', '4', '2° C', NULL, 'ZAPATA FERNÁNDEZ', 'VIOLETA ANABEL', 0, 0, 0, 0, 0, 0, 0, 1, 0, '2019-08-18 01:47:46', '2019-08-18 01:47:46', NULL, 'NO'),
(306, '21516212', '5', '2° C', NULL, 'DELGADO TORROJA', 'XIOMARA ANNAÍS', 0, 0, 0, 0, 0, 0, 0, 1, 0, '2019-08-18 01:47:46', '2019-08-18 01:47:46', NULL, 'NO'),
(307, '20669376', '2', '2° C', NULL, 'MONTERO MARÍN', 'MOLEIMI TIARE', 0, 0, 0, 0, 0, 0, 0, 1, 0, '2019-08-18 01:47:46', '2019-08-18 01:47:46', NULL, 'NO'),
(308, '20616092', '6', '2° C', NULL, 'GONZÁLEZ CAMPOS', 'YARISKA SCARLET', 0, 0, 0, 0, 0, 0, 0, 1, 0, '2019-08-18 01:47:46', '2019-08-18 01:47:46', NULL, 'NO'),
(309, '21283860', '8', '2° C', NULL, 'CUBILLOS TORRES', 'ANYEL CRISTAL', 0, 0, 0, 0, 0, 0, 0, 1, 0, '2019-08-18 01:47:46', '2019-08-18 01:47:46', NULL, 'NO'),
(310, '21314720', 'K', '2° C', NULL, 'WIENBERG MUÑOZ', 'LISSETTE ANNAIS', 0, 0, 0, 0, 0, 0, 0, 1, 0, '2019-08-18 01:47:46', '2019-08-18 01:47:46', NULL, 'NO'),
(311, '21074298', '0', '2° C', NULL, 'ELIZONDO CANDIA', 'ISIS BEATRIZ', 0, 0, 0, 0, 0, 0, 0, 1, 0, '2019-08-18 01:47:46', '2019-08-18 01:47:46', NULL, 'NO'),
(312, '20614899', '3', '2° C', NULL, 'VIDAL VERGARA', 'SCARLLEHTT DHAYAM', 0, 0, 0, 0, 0, 0, 0, 1, 0, '2019-08-18 01:47:46', '2019-08-18 01:47:46', NULL, 'NO'),
(313, '20614978', '7', '2° C', NULL, 'ORTIZ GÓMEZ', 'VALENTINA NEREHY', 0, 0, 0, 0, 0, 0, 0, 1, 0, '2019-08-18 01:47:46', '2019-08-18 01:47:46', NULL, 'NO'),
(314, '20993525', '2', '2° C', NULL, 'ROJAS BENÍTEZ', 'CONSTANZA FERNANDA', 0, 0, 0, 0, 0, 0, 0, 1, 0, '2019-08-18 01:47:46', '2019-08-18 01:47:46', NULL, 'NO'),
(315, '21244355', '7', '2° C', NULL, 'BRIONES MAUREIRA', 'LISETTE MILLARAY', 0, 0, 0, 0, 0, 0, 0, 1, 0, '2019-08-18 01:47:46', '2019-08-18 01:47:46', NULL, 'NO'),
(316, '21406301', '8', '2° C', NULL, 'GONZÁLEZ RIVAS', 'CATALINA ARANTXA', 0, 0, 0, 0, 0, 0, 0, 1, 0, '2019-08-18 01:47:46', '2019-08-18 01:47:46', NULL, 'NO'),
(317, '21242677', '6', '2° C', NULL, 'VILLARROEL BAHAMONDES', 'ASHLY KEYTEL', 0, 0, 0, 0, 0, 0, 0, 1, 0, '2019-08-18 01:47:46', '2019-08-18 01:47:46', NULL, 'NO'),
(318, '21325323', '9', '2° C', NULL, 'ESPINOZA PEREIRA', 'MACARENA PAZ', 0, 0, 0, 0, 0, 0, 0, 1, 0, '2019-08-18 01:47:46', '2019-08-18 01:47:46', NULL, 'NO'),
(319, '21005993', '8', '2° C', NULL, 'QUINTEROS VÁSQUEZ', 'TAMARA BELÉN', 0, 0, 0, 0, 0, 0, 0, 1, 0, '2019-08-18 01:47:46', '2019-08-18 01:47:46', NULL, 'NO'),
(320, '21382046', 'K', '2° C', NULL, 'FARÍAS CASTRO', 'CAROLINE GUILLERMINA', 0, 0, 0, 0, 0, 0, 0, 1, 0, '2019-08-18 01:47:46', '2019-08-18 01:47:46', NULL, 'NO'),
(321, '21565175', '4', '2° C', NULL, 'ESPINOZA NAVARRO', 'FERNANDA BELÉN', 0, 0, 0, 0, 0, 0, 0, 1, 0, '2019-08-18 01:47:46', '2019-08-18 01:47:46', NULL, 'NO'),
(322, '20690941', '2', '2° D', NULL, 'FUENZALIDA PAREDES', 'YARIXA BONNIE', 0, 0, 0, 0, 0, 0, 0, 1, 0, '2019-08-18 01:47:46', '2019-08-18 01:47:46', NULL, 'NO'),
(323, '21380000', '0', '2° D', NULL, 'PALMA VELÁSQUEZ', 'JAVIERA BETZABET', 0, 0, 0, 0, 0, 0, 0, 1, 0, '2019-08-18 01:47:46', '2019-08-18 01:47:46', NULL, 'NO'),
(324, '21451760', '4', '2° D', NULL, 'BUSTOS ARAVENA', 'JAVIERA IVANIA', 0, 0, 0, 0, 0, 0, 0, 1, 0, '2019-08-18 01:47:46', '2019-08-18 01:47:46', NULL, 'NO'),
(325, '20615563', '9', '2° D', NULL, 'SÁNCHEZ HERDOCIO', 'NINOSKA ARACELI', 0, 0, 0, 0, 0, 0, 0, 1, 0, '2019-08-18 01:47:46', '2019-08-18 01:47:46', NULL, 'NO'),
(326, '21556753', '2', '2° D', NULL, 'CÁRCAMO GONZÁLEZ', 'CELESTE ANDREA', 0, 0, 0, 0, 0, 0, 0, 1, 0, '2019-08-18 01:47:46', '2019-08-18 01:47:46', NULL, 'NO'),
(327, '100422346', '9', '2° D', NULL, 'BRITO CABELLO', 'ISIS PAOLA', 0, 0, 0, 0, 0, 0, 0, 1, 0, '2019-08-18 01:47:46', '2019-08-18 01:47:46', NULL, 'NO'),
(328, '20961599', '1', '2° D', NULL, 'MUÑOZ GÓMEZ', 'DANIELA FERNANDA', 0, 0, 0, 0, 0, 0, 0, 1, 0, '2019-08-18 01:47:46', '2019-08-18 01:47:46', NULL, 'NO'),
(329, '21457187', '0', '2° D', NULL, 'MUNZÓN GULPPI', 'MEY CONSTANZA', 0, 0, 0, 0, 0, 0, 0, 1, 0, '2019-08-18 01:47:46', '2019-08-18 01:47:46', NULL, 'NO'),
(330, '21460420', '5', '2° D', NULL, 'GARRIDO DÍAZ', 'FERNANDA NOEMÍ', 0, 0, 0, 0, 0, 0, 0, 1, 0, '2019-08-18 01:47:46', '2019-08-18 01:47:46', NULL, 'NO'),
(331, '21598176', '2', '2° D', NULL, 'MUÑOZ MESINA', 'ROCÍO VICTORIA', 0, 0, 0, 0, 0, 0, 0, 1, 0, '2019-08-18 01:47:46', '2019-08-18 01:47:46', NULL, 'NO'),
(332, '21541491', '4', '2° D', NULL, 'BRAVO MORANDÉ', 'MACKARENA ANTONIA', 0, 0, 0, 0, 0, 0, 0, 1, 0, '2019-08-18 01:47:46', '2019-08-18 01:47:46', NULL, 'NO'),
(333, '21333931', '1', '2° D', NULL, 'MERINO LEIVA', 'CONSTANZA VALENTINA', 0, 0, 0, 0, 0, 0, 0, 1, 0, '2019-08-18 01:47:46', '2019-08-18 01:47:46', NULL, 'NO'),
(334, '21577108', '3', '2° D', NULL, 'BRAVO CARIZ', 'MARISOL MASSIEL', 0, 0, 0, 0, 0, 0, 0, 1, 0, '2019-08-18 01:47:46', '2019-08-18 01:47:46', NULL, 'NO'),
(335, '21493959', '2', '2° D', NULL, 'GAETE VÁSQUEZ', 'SASHA ANAÍS', 0, 0, 0, 0, 0, 0, 0, 1, 0, '2019-08-18 01:47:46', '2019-08-18 01:47:46', NULL, 'NO'),
(336, '21288557', '6', '2° D', NULL, 'AMÉSTICA CID', 'MONSERRAT FERNANDA', 0, 0, 0, 0, 0, 0, 0, 1, 0, '2019-08-18 01:47:46', '2019-08-18 01:47:46', NULL, 'NO'),
(337, '21129817', '0', '2° D', NULL, 'CARRASCO ANDRADE', 'PAULETTE CAROLINA SARAY', 0, 0, 0, 0, 0, 0, 0, 1, 0, '2019-08-18 01:47:46', '2019-08-18 01:47:46', NULL, 'NO'),
(338, '21335103', '6', '2° D', NULL, 'VERGARA GONZÁLEZ', 'BELÉN DE LOS ANGELES', 0, 0, 0, 0, 0, 0, 0, 1, 0, '2019-08-18 01:47:46', '2019-08-18 01:47:46', NULL, 'NO'),
(339, '20952393', '0', '2° D', NULL, 'GALAZ RAMOS', 'TIARE VALENTINA', 0, 0, 0, 0, 0, 0, 0, 1, 0, '2019-08-18 01:47:46', '2019-08-18 01:47:46', NULL, 'NO'),
(340, '20450078', '9', '2° D', NULL, 'ARAYA FARÍAS', 'PRISCILLA ANDREA', 0, 0, 0, 0, 0, 0, 0, 1, 0, '2019-08-18 01:47:46', '2019-08-18 01:47:46', NULL, 'NO'),
(341, '21389336', 'K', '2° D', NULL, 'ARANCIBIA ZEPEDA', 'MARÍA ISABEL', 0, 0, 0, 0, 0, 0, 0, 1, 0, '2019-08-18 01:47:46', '2019-08-18 01:47:46', NULL, 'NO'),
(342, '21164744', '2', '2° D', NULL, 'GUTIÉRREZ PLAZA', 'BRENDA MOIRA MAITE', 0, 0, 0, 0, 0, 0, 0, 1, 0, '2019-08-18 01:47:46', '2019-08-18 01:47:46', NULL, 'NO'),
(343, '21448760', '8', '2° D', NULL, 'HERRERA AGUILERA', 'ESPERANZA ELIANA DE JESUS', 0, 0, 0, 0, 0, 0, 0, 1, 0, '2019-08-18 01:47:46', '2019-08-18 01:47:46', NULL, 'NO'),
(344, '21055266', '9', '2° D', NULL, 'SEPÚLVEDA SÁEZ', 'JASMÍN ALEJANDRA', 0, 0, 0, 0, 0, 0, 0, 1, 0, '2019-08-18 01:47:46', '2019-08-18 01:47:46', NULL, 'NO'),
(345, '21417904', '0', '2° D', NULL, 'LOBOS FUENTES', 'KRISHNA ALEXANDRA', 0, 0, 0, 0, 0, 0, 0, 1, 0, '2019-08-18 01:47:46', '2019-08-18 01:47:46', NULL, 'NO'),
(346, '21520745', '5', '2° D', NULL, 'MARIVIL URRUTIA', 'VALENTINA ALEJANDRA', 0, 0, 0, 0, 0, 0, 0, 1, 0, '2019-08-18 01:47:46', '2019-08-18 01:47:46', NULL, 'NO'),
(347, '20931010', '4', '2° D', NULL, 'PEREIRA MARIVIL', 'CONSTANZA ALEJANDRA', 0, 0, 0, 0, 0, 0, 0, 1, 0, '2019-08-18 01:47:46', '2019-08-18 01:47:46', NULL, 'NO'),
(348, '21054927', '7', '2° D', NULL, 'SALAZAR GUTIERREZ', 'MARIA FERNANDA', 0, 0, 0, 0, 0, 0, 0, 1, 0, '2019-08-18 01:47:46', '2019-08-18 01:47:46', NULL, 'NO'),
(349, '21009345', '1', '2° E', NULL, 'HENRÍQUEZ HENRÍQUEZ', 'MILLARAY ANDREA', 0, 0, 0, 0, 0, 0, 0, 1, 0, '2019-08-18 01:47:46', '2019-08-18 01:47:46', NULL, 'NO'),
(350, '21161371', '8', '2° E', NULL, 'MORAGA QUINTANA', 'YASNA ESTEFANI DEL CARMEN', 0, 0, 0, 0, 0, 0, 0, 1, 0, '2019-08-18 01:47:46', '2019-08-18 01:47:46', NULL, 'NO'),
(351, '21479664', '3', '2° E', NULL, 'CONTRERAS FERNÁNDEZ', 'VALENTINA BELÉN', 0, 0, 0, 0, 0, 0, 0, 1, 0, '2019-08-18 01:47:46', '2019-08-18 01:47:46', NULL, 'NO'),
(352, '21161359', '9', '2° E', NULL, 'MORAGA QUINTANA', 'KATERINE ALEJANDRA ESTELA', 0, 0, 0, 0, 0, 0, 0, 1, 0, '2019-08-18 01:47:46', '2019-08-18 01:47:46', NULL, 'NO'),
(353, '21501776', '1', '2° E', NULL, 'AVALOS ÁVALOS', 'MÓNICA ESTRELLA', 0, 0, 0, 0, 0, 0, 0, 1, 0, '2019-08-18 01:47:46', '2019-08-18 01:47:46', NULL, 'NO'),
(354, '20418867', 'K', '2° E', NULL, 'PÉREZ LUNAS', 'CONSTANZA ANGÉLICA', 0, 0, 0, 0, 0, 0, 0, 1, 0, '2019-08-18 01:47:46', '2019-08-18 01:47:46', NULL, 'NO'),
(355, '21154756', '1', '2° E', NULL, 'PÉREZ ACEITUNO', 'FERNANDA SABRINA', 0, 0, 0, 0, 0, 0, 0, 1, 0, '2019-08-18 01:47:46', '2019-08-18 01:47:46', NULL, 'NO'),
(356, '24005846', '4', '2° E', NULL, 'ALOMIA PORTOCARRERO', 'NATALI', 0, 0, 0, 0, 0, 0, 0, 1, 0, '2019-08-18 01:47:46', '2019-08-18 01:47:46', NULL, 'NO'),
(357, '21566477', '5', '2° E', NULL, 'VALDEBENITO PEÑALOZA', 'TATIANA CAROLINA', 0, 0, 0, 0, 0, 0, 0, 1, 0, '2019-08-18 01:47:46', '2019-08-18 01:47:46', NULL, 'NO'),
(358, '21132613', '1', '2° E', NULL, 'ROJAS HERNÁNDEZ', 'LORETO ADRIANA', 0, 0, 0, 0, 0, 0, 0, 1, 0, '2019-08-18 01:47:46', '2019-08-18 01:47:46', NULL, 'NO'),
(359, '21601729', '3', '2° E', NULL, 'SANCHEZ MORALES', 'MELANIE YAREXLA', 0, 0, 0, 0, 0, 0, 0, 1, 0, '2019-08-18 01:47:46', '2019-08-18 01:47:46', NULL, 'NO'),
(360, '21406112', '0', '2° E', NULL, 'AEDO GONZÁLEZ', 'TAMARA ANDREA', 0, 0, 0, 0, 0, 0, 0, 1, 0, '2019-08-18 01:47:46', '2019-08-18 01:47:46', NULL, 'NO'),
(361, '21503979', 'K', '2° E', NULL, 'BEDONNI IUBINI', 'DANIELA VALENTINA', 0, 0, 0, 0, 0, 0, 0, 1, 0, '2019-08-18 01:47:46', '2019-08-18 01:47:46', NULL, 'NO'),
(362, '21251101', '3', '2° E', NULL, 'CARRASCO OLIVARES', 'MARTINA ESPERANZA', 0, 0, 0, 0, 0, 0, 0, 1, 0, '2019-08-18 01:47:46', '2019-08-18 01:47:46', NULL, 'NO'),
(363, '22156276', '3', '2° E', NULL, 'TUMBAJULCA YBAÑEZ', 'ALLISON DAYANA', 0, 0, 0, 0, 0, 0, 0, 1, 0, '2019-08-18 01:47:46', '2019-08-18 01:47:46', NULL, 'NO'),
(364, '21197822', '8', '2° E', NULL, 'MEJÍAS CÁRDENAS', 'ROCÍO ALEXANDRA', 0, 0, 0, 0, 0, 0, 0, 1, 0, '2019-08-18 01:47:46', '2019-08-18 01:47:46', NULL, 'NO'),
(365, '21219301', '1', '2° E', NULL, 'BARRIOS SÁNCHEZ', 'CATALINA ANTONIA', 0, 0, 0, 0, 0, 0, 0, 1, 0, '2019-08-18 01:47:46', '2019-08-18 01:47:46', NULL, 'NO'),
(366, '21296894', '3', '2° E', NULL, 'MORAGA PALMA', 'DANAE CATALINA', 0, 0, 0, 0, 0, 0, 0, 1, 0, '2019-08-18 01:47:46', '2019-08-18 01:47:46', NULL, 'NO'),
(367, '21294781', '4', '2° E', NULL, 'PACHECO FONCEA', 'MARIANA PAZ', 0, 0, 0, 0, 0, 0, 0, 1, 0, '2019-08-18 01:47:46', '2019-08-18 01:47:46', NULL, 'NO'),
(368, '20930713', '8', '2° E', NULL, 'GONZÁLEZ QUINTANA', 'CONSTANZA BELÉN', 0, 0, 0, 0, 0, 0, 0, 1, 0, '2019-08-18 01:47:46', '2019-08-18 01:47:46', NULL, 'NO'),
(369, '21451818', 'K', '2° E', NULL, 'VILLARROEL DINAMARCA', 'PRISCILA ANAIS', 0, 0, 0, 0, 0, 0, 0, 1, 0, '2019-08-18 01:47:46', '2019-08-18 01:47:46', NULL, 'NO'),
(370, '20932076', '2', '2° E', NULL, 'TORRES LÓPEZ', 'DAMARY DANAE CAROLINA', 0, 0, 0, 0, 0, 0, 0, 1, 0, '2019-08-18 01:47:46', '2019-08-18 01:47:46', NULL, 'NO'),
(371, '21242972', '4', '2° E', NULL, 'SALAS MOLINA', 'SHRISNA DOMINIQUE', 0, 0, 0, 0, 0, 0, 0, 1, 0, '2019-08-18 01:47:46', '2019-08-18 01:47:46', NULL, 'NO'),
(372, '21387223', '0', '2° E', NULL, 'FUENTES LEYTON', 'SOFÍA ALELI', 0, 0, 0, 0, 0, 0, 0, 1, 0, '2019-08-18 01:47:46', '2019-08-18 01:47:46', NULL, 'NO'),
(373, '21056228', '1', '2° E', NULL, 'MÉNDEZ ZAMBRANO', 'FRANCISCA MARION', 0, 0, 0, 0, 0, 0, 0, 1, 0, '2019-08-18 01:47:46', '2019-08-18 01:47:46', NULL, 'NO'),
(374, '21244008', '6', '2° E', NULL, 'TROPA DONOSO', 'ESCARLET ADELAIDA', 0, 0, 0, 0, 0, 0, 0, 1, 0, '2019-08-18 01:47:46', '2019-08-18 01:47:46', NULL, 'NO'),
(375, '21262929', '4', '2° E', NULL, 'CASTILLO VILLALOBOS', 'MARÍA JOSÉ', 0, 0, 0, 0, 0, 0, 0, 1, 0, '2019-08-18 01:47:46', '2019-08-18 01:47:46', NULL, 'NO'),
(376, '24527013', '5', '2° F', NULL, 'QUINTERO ', 'CAROL MICHELLE', 0, 0, 0, 0, 0, 0, 0, 1, 0, '2019-08-18 01:47:46', '2019-08-18 01:47:46', NULL, 'NO'),
(377, '21098432', '1', '2° F', NULL, 'TRAIPE ACUÑA', 'MICAELA CADIEL', 0, 0, 0, 0, 0, 0, 0, 1, 0, '2019-08-18 01:47:46', '2019-08-18 01:47:46', NULL, 'NO'),
(378, '100372929', '6', '2° F', NULL, 'MOGOLLON CHACON', 'MARIA JOSE', 0, 0, 0, 0, 0, 0, 0, 1, 0, '2019-08-18 01:47:46', '2019-08-18 01:47:46', NULL, 'NO'),
(379, '21063761', '3', '2° F', NULL, 'GAVILÁN GAVILÁN', 'AILYN ANDREA', 0, 0, 0, 0, 0, 0, 0, 1, 0, '2019-08-18 01:47:46', '2019-08-18 01:47:46', NULL, 'NO'),
(380, '21079638', 'K', '2° F', NULL, 'ESTRADA ORELLANA', 'FERNANDA ANDREA', 0, 0, 0, 0, 0, 0, 0, 1, 0, '2019-08-18 01:47:46', '2019-08-18 01:47:46', NULL, 'NO'),
(381, '20846905', '3', '2° F', NULL, 'ZAPATA SÁEZ', 'TIARE DEYANIRA', 0, 0, 0, 0, 0, 0, 0, 1, 0, '2019-08-18 01:47:46', '2019-08-18 01:47:46', NULL, 'NO'),
(382, '21473804', 'K', '2° F', NULL, 'MENESES MENESES', 'SIGRID VAITIARE', 0, 0, 0, 0, 0, 0, 0, 1, 0, '2019-08-18 01:47:46', '2019-08-18 01:47:46', NULL, 'NO'),
(383, '21392343', '9', '2° F', NULL, 'DÍAZ DUQUE', 'VALENTINA CITRALY', 0, 0, 0, 0, 0, 0, 0, 1, 0, '2019-08-18 01:47:46', '2019-08-18 01:47:46', NULL, 'NO'),
(384, '21054958', '7', '2° F', NULL, 'ARAGÓN DÍAZ', 'ALEXANDRA BETZABET', 0, 0, 0, 0, 0, 0, 0, 1, 0, '2019-08-18 01:47:46', '2019-08-18 01:47:46', NULL, 'NO'),
(385, '21418563', '6', '2° F', NULL, 'MUÑOZ MARTÍNEZ', 'MILLARAY ANETTE', 0, 0, 0, 0, 0, 0, 0, 1, 0, '2019-08-18 01:47:46', '2019-08-18 01:47:46', NULL, 'NO'),
(386, '21054805', 'K', '2° F', NULL, 'CISTERNAS GATICA', 'ARIADNA BRISEIDA', 0, 0, 0, 0, 0, 0, 0, 1, 0, '2019-08-18 01:47:46', '2019-08-18 01:47:46', NULL, 'NO');
INSERT INTO `alumnas` (`id`, `rut`, `digito`, `curso`, `letra`, `apellidos`, `nombres`, `d_or`, `d_psic`, `d_vsoc`, `d_cesc`, `d_egest`, `d_ter`, `d_edif`, `condicion`, `tipoalumno`, `created_at`, `updated_at`, `fecharetiro`, `atendido`) VALUES
(387, '21595369', '6', '2° F', NULL, 'LÓPEZ ESCOBAR', 'AILEEN MILLARAY', 0, 0, 0, 0, 0, 0, 0, 1, 0, '2019-08-18 01:47:46', '2019-08-18 01:47:46', NULL, 'NO'),
(388, '21259006', '1', '2° F', NULL, 'PLACENCIO VARGAS', 'SARAI TAMAR', 0, 0, 0, 0, 0, 0, 0, 1, 0, '2019-08-18 01:47:46', '2019-08-18 01:47:46', NULL, 'NO'),
(389, '21513154', '8', '2° F', NULL, 'CONTRERAS TOLEDO', 'CONSTANZA SOLEDAD', 0, 0, 0, 0, 0, 0, 0, 1, 0, '2019-08-18 01:47:46', '2019-08-18 01:47:46', NULL, 'NO'),
(390, '21506543', 'K', '2° F', NULL, 'FERNÁNDEZ VICHARRA', 'SKARLET NICOLE', 0, 0, 0, 0, 0, 0, 0, 1, 0, '2019-08-18 01:47:46', '2019-08-18 01:47:46', NULL, 'NO'),
(391, '21416113', '3', '2° F', NULL, 'ORELLANA ARCE', 'VALENTINA PAZ', 0, 0, 0, 0, 0, 0, 0, 1, 0, '2019-08-18 01:47:46', '2019-08-18 01:47:46', NULL, 'NO'),
(392, '20974134', '2', '2° F', NULL, 'CARVAJAL GUZMÁN', 'SOFÍA ESPERANZA', 0, 0, 0, 0, 0, 0, 0, 1, 0, '2019-08-18 01:47:46', '2019-08-18 01:47:46', NULL, 'NO'),
(393, '21503434', '8', '2° F', NULL, 'DÍAZ GONZÁLEZ', 'LUNA ALMENDRA', 0, 0, 0, 0, 0, 0, 0, 1, 0, '2019-08-18 01:47:46', '2019-08-18 01:47:46', NULL, 'NO'),
(394, '21148167', '6', '2° F', NULL, 'PALMA MUNITA', 'IVANIA JAVIERA', 0, 0, 0, 0, 0, 0, 0, 1, 0, '2019-08-18 01:47:46', '2019-08-18 01:47:46', NULL, 'NO'),
(395, '21349598', '4', '2° F', NULL, 'CORTÉS LEIVA', 'YANINA ELIZABETH', 0, 0, 0, 0, 0, 0, 0, 1, 0, '2019-08-18 01:47:46', '2019-08-18 01:47:46', NULL, 'NO'),
(396, '21200649', '1', '2° F', NULL, 'RAIGAN ROA', 'LIDIA TAMARA TRINIDAD', 0, 0, 0, 0, 0, 0, 0, 1, 0, '2019-08-18 01:47:46', '2019-08-18 01:47:46', NULL, 'NO'),
(397, '21347062', '0', '2° F', NULL, 'DÍAZ LAMILLA', 'FERNANDA ELIZABETH', 0, 0, 0, 0, 0, 0, 0, 1, 0, '2019-08-18 01:47:46', '2019-08-18 01:47:46', NULL, 'NO'),
(398, '21141141', '4', '2° F', NULL, 'DÍAZ SILVA', 'KATHERINE ALEXANDRA', 0, 0, 0, 0, 0, 0, 0, 1, 0, '2019-08-18 01:47:46', '2019-08-18 01:47:46', NULL, 'NO'),
(399, '21468968', '5', '2° F', NULL, 'CASTRO PINO', 'CLAUDIA VALENTINA', 0, 0, 0, 0, 0, 0, 0, 1, 0, '2019-08-18 01:47:46', '2019-08-18 01:47:46', NULL, 'NO'),
(400, '21327020', '6', '2° F', NULL, 'JARA VALDÉS', 'SARAI BLANCA', 0, 0, 0, 0, 0, 0, 0, 1, 0, '2019-08-18 01:47:46', '2019-08-18 01:47:46', NULL, 'NO'),
(401, '21158369', 'K', '2° F', NULL, 'SANTANA GACITÚA', 'CATALINA MILLARAY', 0, 0, 0, 0, 0, 0, 0, 1, 0, '2019-08-18 01:47:46', '2019-08-18 01:47:46', NULL, 'NO'),
(402, '21010893', '9', '2° F', NULL, 'GALLARDO PAILLAVIL', 'PALOMA ANAÍS', 0, 0, 0, 0, 0, 0, 0, 1, 0, '2019-08-18 01:47:46', '2019-08-18 01:47:46', NULL, 'NO'),
(403, '20848193', '2', '3° F', NULL, 'NAVARRO AVENDAÑO', 'ALMENDRA ANDREA', 0, 0, 0, 0, 0, 0, 0, 1, 0, '2019-08-18 01:47:46', '2019-08-18 01:47:46', NULL, 'NO'),
(404, '21043817', '3', '3° F', NULL, 'AGUILERA CONTRERAS', 'IGNACIA EMILIA', 0, 0, 0, 0, 0, 0, 0, 1, 0, '2019-08-18 01:47:46', '2019-08-18 01:47:46', NULL, 'NO'),
(405, '23679867', '4', '3° F', NULL, 'FARÍAS JORQUERA', 'JOVANKA ANDREA', 0, 0, 0, 0, 0, 0, 0, 1, 0, '2019-08-18 01:47:46', '2019-08-18 01:47:46', NULL, 'NO'),
(406, '20669568', '4', '3° F', NULL, 'VEGA GONZÁLEZ', 'VERENA VALENTINA', 0, 0, 0, 0, 0, 0, 0, 1, 0, '2019-08-18 01:47:46', '2019-08-18 01:47:46', NULL, 'NO'),
(407, '21135233', '7', '3° F', NULL, 'GONZÁLEZ LEÓN', 'MELISSA MILLARAY', 0, 0, 0, 0, 0, 0, 0, 1, 0, '2019-08-18 01:47:46', '2019-08-18 01:47:46', NULL, 'NO'),
(408, '21123974', '3', '3° F', NULL, 'BELMAR REYES', 'BELÉN PALOMA', 0, 0, 0, 0, 0, 0, 0, 1, 0, '2019-08-18 01:47:46', '2019-08-18 01:47:46', NULL, 'NO'),
(409, '21178735', 'K', '3° F', NULL, 'CONTRERAS TORRES', 'KRISHNA ANAÍS', 0, 0, 0, 0, 0, 0, 0, 1, 0, '2019-08-18 01:47:46', '2019-08-18 01:47:46', NULL, 'NO'),
(410, '21293549', '2', '3° F', NULL, 'LÓPEZ HUENCHULAO', 'CATALINA ANDREA', 0, 0, 0, 0, 0, 0, 0, 1, 0, '2019-08-18 01:47:46', '2019-08-18 01:47:46', NULL, 'NO'),
(411, '21195114', '1', '3° F', NULL, 'CATALÁN GAETE', 'JACQUELINE CONSTANZA NICOL', 0, 0, 0, 0, 0, 0, 0, 1, 0, '2019-08-18 01:47:46', '2019-08-18 01:47:46', NULL, 'NO'),
(412, '20791158', '5', '3° F', NULL, 'MIRANDA RIQUELME', 'CHRISCHNA AHILYNE KEKOA', 0, 0, 0, 0, 0, 0, 0, 1, 0, '2019-08-18 01:47:46', '2019-08-18 01:47:46', NULL, 'NO'),
(413, '21240939', '1', '3° F', NULL, 'CELIS CELIS', 'RAQUEL NICOLE', 0, 0, 0, 0, 0, 0, 0, 1, 0, '2019-08-18 01:47:46', '2019-08-18 01:47:46', NULL, 'NO'),
(414, '21257208', 'K', '3° F', NULL, 'PACHECO GUTIÉRREZ', 'ANTONIA ANAÍS', 0, 0, 0, 0, 0, 0, 0, 1, 0, '2019-08-18 01:47:46', '2019-08-18 01:47:46', NULL, 'NO'),
(415, '20814285', '2', '3° F', NULL, 'ROCHA MARTÍNEZ', 'CATALINA CHARIEL', 0, 0, 0, 0, 0, 0, 0, 1, 0, '2019-08-18 01:47:46', '2019-08-18 01:47:46', NULL, 'NO'),
(416, '21043215', '9', '3° F', NULL, 'OVALLE CANELO', 'SIANY ESPERANZA', 0, 0, 0, 0, 0, 0, 0, 1, 0, '2019-08-18 01:47:46', '2019-08-18 01:47:46', NULL, 'NO'),
(417, '20794226', 'K', '3° F', NULL, 'RIQUELME AMPUERO', 'IVY ANNAIS', 0, 0, 0, 0, 0, 0, 0, 1, 0, '2019-08-18 01:47:46', '2019-08-18 01:47:46', NULL, 'NO'),
(418, '20574412', '6', '3° F', NULL, 'CÁCERES SEPÚLVEDA', 'ANA BELÉN', 0, 0, 0, 0, 0, 0, 0, 1, 0, '2019-08-18 01:47:46', '2019-08-18 01:47:46', NULL, 'NO'),
(419, '20574034', '1', '3° F', NULL, 'VALENZUELA MARCHANT', 'ALLISON DANAE', 0, 0, 0, 0, 0, 0, 0, 1, 0, '2019-08-18 01:47:46', '2019-08-18 01:47:46', NULL, 'NO'),
(420, '20983087', '6', '3° F', NULL, 'PALMA ROJAS', 'CATALINA IGNACIA', 0, 0, 0, 0, 0, 0, 0, 1, 0, '2019-08-18 01:47:46', '2019-08-18 01:47:46', NULL, 'NO'),
(421, '21093654', '8', '3° F', NULL, 'GONZÁLEZ CONTRERAS', 'PAZ BELÉN', 0, 0, 0, 0, 0, 0, 0, 1, 0, '2019-08-18 01:47:46', '2019-08-18 01:47:46', NULL, 'NO'),
(422, '21297011', '5', '3° F', NULL, 'DUARTE MARÍN', 'MICHELLE IGNACIA', 0, 0, 0, 0, 0, 0, 0, 1, 0, '2019-08-18 01:47:46', '2019-08-18 01:47:46', NULL, 'NO'),
(423, '21297012', '3', '3° F', NULL, 'DUARTE MARÍN', 'JAVIERA ANTONIA', 0, 0, 0, 0, 0, 0, 0, 1, 0, '2019-08-18 01:47:46', '2019-08-18 01:47:46', NULL, 'NO'),
(424, '21158408', '4', '3° F', NULL, 'MARTÍNEZ ÁLVAREZ', 'MAIRA NINOSKA', 0, 0, 0, 0, 0, 0, 0, 1, 0, '2019-08-18 01:47:46', '2019-08-18 01:47:46', NULL, 'NO'),
(425, '20922492', '5', '3° F', NULL, 'CABRERA SEGOVIA', 'MICAELA FERNANDA', 0, 0, 0, 0, 0, 0, 0, 1, 0, '2019-08-18 01:47:46', '2019-08-18 01:47:46', NULL, 'NO'),
(426, '21122430', '4', '3° F', NULL, 'MOYA ORTEGA', 'CONSTANZA VAITIARE', 0, 0, 0, 0, 0, 0, 0, 1, 0, '2019-08-18 01:47:46', '2019-08-18 01:47:46', NULL, 'NO'),
(427, '21280531', '9', '3° F', NULL, 'GONZÁLEZ YÁÑEZ', 'YESEBEL FRANCISCA', 0, 0, 0, 0, 0, 0, 0, 1, 0, '2019-08-18 01:47:46', '2019-08-18 01:47:46', NULL, 'NO'),
(428, '20574120', '8', '3° F', NULL, 'ROJAS AGUIRRE', 'PATRICIA FERNANDA', 0, 0, 0, 0, 0, 0, 0, 1, 0, '2019-08-18 01:47:46', '2019-08-18 01:47:46', NULL, 'NO'),
(429, '20964251', '4', '3° F', NULL, 'PINO PÉREZ', 'VALENTINA PAZ', 0, 0, 0, 0, 0, 0, 0, 1, 0, '2019-08-18 01:47:46', '2019-08-18 01:47:46', NULL, 'NO'),
(430, '100426795', '4', '3° F', NULL, 'FONSECA SAENZ', 'CAROL LISSETH', 0, 0, 0, 0, 0, 0, 0, 1, 0, '2019-08-18 01:47:46', '2019-08-18 01:47:46', NULL, 'NO'),
(431, '21241150', '7', '3° F', NULL, 'PÉREZ ROJAS', 'CAMILA CONSTANZA', 0, 0, 0, 0, 0, 0, 0, 1, 0, '2019-08-18 01:47:46', '2019-08-18 01:47:46', NULL, 'NO'),
(432, '21055644', '3', '3° F', NULL, 'FUENZALIDA URRUTIA', 'SORAYA ANTONIA', 0, 0, 0, 0, 0, 0, 0, 1, 0, '2019-08-18 01:47:46', '2019-08-18 01:47:46', NULL, 'NO'),
(433, '20559811', '1', '3° F', NULL, 'REYES HERNÁNDEZ', 'NADIA DOMEGNICA', 0, 0, 0, 0, 0, 0, 0, 1, 0, '2019-08-18 01:47:46', '2019-08-18 01:47:46', NULL, 'NO'),
(434, '21086839', '9', '3° F', NULL, 'TORRES BUSTILLOS', 'ARACELLI SOLANGE', 0, 0, 0, 0, 0, 0, 0, 1, 0, '2019-08-18 01:47:46', '2019-08-18 01:47:46', NULL, 'NO'),
(435, '21126077', '7', '3° F', NULL, 'ROJAS MEDEL', 'TERESA DE JESÚS', 0, 0, 0, 0, 0, 0, 0, 1, 0, '2019-08-18 01:47:46', '2019-08-18 01:47:46', NULL, 'NO'),
(436, '20975327', '8', '3° F', NULL, 'MEDINA PINILLA', 'MACARENA DEL PILAR', 0, 0, 0, 0, 0, 0, 0, 1, 0, '2019-08-18 01:47:46', '2019-08-18 01:47:46', NULL, 'NO'),
(437, '21127141', '8', '3° F', NULL, 'CAROCA SÁNCHEZ', 'TIARE MACARENA', 0, 0, 0, 0, 0, 0, 0, 1, 0, '2019-08-18 01:47:46', '2019-08-18 01:47:46', NULL, 'NO'),
(438, '20531912', '3', '4° F', NULL, 'BORLANDO OLEA', 'JAVIERA ANTONIA BELÉN', 0, 0, 0, 0, 0, 0, 0, 1, 0, '2019-08-18 01:47:46', '2019-08-18 01:47:46', NULL, 'NO'),
(439, '20615935', '9', '4° F', NULL, 'PEÑA NIETO', 'MELANIE ANAÍS', 0, 0, 0, 0, 0, 0, 0, 1, 0, '2019-08-18 01:47:46', '2019-08-18 01:47:46', NULL, 'NO'),
(440, '20752655', 'K', '4° F', NULL, 'GUAJARDO BRUNA', 'ISIDORA ALEJANDRA', 0, 0, 0, 0, 0, 0, 0, 1, 0, '2019-08-18 01:47:46', '2019-08-18 01:47:46', NULL, 'NO'),
(441, '20402087', '6', '4° F', NULL, 'QUERO JAQUES', 'KIMBERLI CONSTANZA', 0, 0, 0, 0, 0, 0, 0, 1, 0, '2019-08-18 01:47:46', '2019-08-18 01:47:46', NULL, 'NO'),
(442, '25193516', '5', '4° F', NULL, 'DURAN ', 'ROSANGEL MERCEDES', 0, 0, 0, 0, 0, 0, 0, 1, 0, '2019-08-18 01:47:46', '2019-08-18 01:47:46', NULL, 'NO'),
(443, '26497577', '8', '4° F', NULL, 'HERNANDEZ VILLAROEL', 'KAREN HAILYN', 0, 0, 0, 0, 0, 0, 0, 1, 0, '2019-08-18 01:47:46', '2019-08-18 01:47:46', NULL, 'NO'),
(444, '20829451', '2', '4° F', NULL, 'BARRIENTOS ARCE', 'ALEN VIOLETA MARGARITA', 0, 0, 0, 0, 0, 0, 0, 1, 0, '2019-08-18 01:47:46', '2019-08-18 01:47:46', NULL, 'NO'),
(445, '20615894', '8', '4° F', NULL, 'TORRES TAPIA', 'CATALINA ANDREA', 0, 0, 0, 0, 0, 0, 0, 1, 0, '2019-08-18 01:47:46', '2019-08-18 01:47:46', NULL, 'NO'),
(446, '20837440', '0', '4° F', NULL, 'CHIAPPA VILLAGRÁN', 'DENISE JUSEFF', 0, 0, 0, 0, 0, 0, 0, 1, 0, '2019-08-18 01:47:46', '2019-08-18 01:47:46', NULL, 'NO'),
(447, '20778304', '8', '4° F', NULL, 'STEPHAN DÍAZ', 'RENATA SCARLETT', 0, 0, 0, 0, 0, 0, 0, 1, 0, '2019-08-18 01:47:46', '2019-08-18 01:47:46', NULL, 'NO'),
(448, '20648194', '3', '4° F', NULL, 'MADRID BASUALTO', 'ROCÍO BELÉN', 0, 0, 0, 0, 0, 0, 0, 1, 0, '2019-08-18 01:47:46', '2019-08-18 01:47:46', NULL, 'NO'),
(449, '20574821', '0', '4° F', NULL, 'ARENAS PEÑA', 'CONSTANZA DE LAS MERCEDES', 0, 0, 0, 0, 0, 0, 0, 1, 0, '2019-08-18 01:47:46', '2019-08-18 01:47:46', NULL, 'NO'),
(450, '21028179', '7', '4° F', NULL, 'PEDREROS MALDONADO', 'YASNA CAROLINA', 0, 0, 0, 0, 0, 0, 0, 1, 0, '2019-08-18 01:47:46', '2019-08-18 01:47:46', NULL, 'NO'),
(451, '26377702', '6', '4° F', NULL, 'MEDINA SANDOVAL', 'KEYLA DAMARIS', 0, 0, 0, 0, 0, 0, 0, 1, 0, '2019-08-18 01:47:46', '2019-08-18 01:47:46', NULL, 'NO'),
(452, '20126018', '3', '4° F', NULL, 'FERNÁNDEZ RAVEST', 'JENNIFER ALEXANDRA', 0, 0, 0, 0, 0, 0, 0, 1, 0, '2019-08-18 01:47:46', '2019-08-18 01:47:46', NULL, 'NO'),
(453, '20913719', '4', '4° F', NULL, 'CAMPOS SÁNCHEZ', 'YASMÍN ALEJANDRA', 0, 0, 0, 0, 0, 0, 0, 1, 0, '2019-08-18 01:47:46', '2019-08-18 01:47:46', NULL, 'NO'),
(454, '20017779', '7', '4° F', NULL, 'AVENDAÑO FIERRO', 'MARÍA FERNANDA', 0, 0, 0, 0, 0, 0, 0, 1, 0, '2019-08-18 01:47:46', '2019-08-18 01:47:46', NULL, 'NO'),
(455, '21038109', '0', '4° F', NULL, 'SÁNCHEZ ALVIAL', 'TAMARA ALEJANDRA', 0, 0, 0, 0, 0, 0, 0, 1, 0, '2019-08-18 01:47:46', '2019-08-18 01:47:46', NULL, 'NO'),
(456, '20667917', '4', '4° F', NULL, 'OSSANDÓN PINO', 'RUTH ELIZABETH', 0, 0, 0, 0, 0, 0, 0, 1, 0, '2019-08-18 01:47:46', '2019-08-18 01:47:46', NULL, 'NO'),
(457, '20680170', '0', '4° F', NULL, 'MONTECINOS TIRADO', 'FRANCISCA AMARANTA ANTONIA', 0, 0, 0, 0, 0, 0, 0, 1, 0, '2019-08-18 01:47:46', '2019-08-18 01:47:46', NULL, 'NO'),
(458, '21037633', 'K', '4° F', NULL, 'RAMÍREZ RODRÍGUEZ', 'BELÉN IGNACIA', 0, 0, 0, 0, 0, 0, 0, 1, 0, '2019-08-18 01:47:46', '2019-08-18 01:47:46', NULL, 'NO'),
(459, '21064093', '2', '4° G', NULL, 'ÁVALOS ÁVALOS', 'CAMILA ANTONIA', 0, 0, 0, 0, 0, 0, 0, 1, 0, '2019-08-18 01:47:46', '2019-08-18 01:47:46', NULL, 'NO'),
(460, '20976587', 'K', '4° G', NULL, 'URIBE RAMÍREZ', 'AYELEN ALEJANDRA', 0, 0, 0, 0, 0, 0, 0, 1, 0, '2019-08-18 01:47:46', '2019-08-18 01:47:46', NULL, 'NO'),
(461, '20953772', '9', '4° G', NULL, 'ROMERO RUBIO', 'JOYCE MARIEL', 0, 0, 0, 0, 0, 0, 0, 1, 0, '2019-08-18 01:47:46', '2019-08-18 01:47:46', NULL, 'NO'),
(462, '20814776', '5', '4° G', NULL, 'VILLEGAS VERGARA', 'EMILY ALEJANDRA', 0, 0, 0, 0, 0, 0, 0, 1, 0, '2019-08-18 01:47:46', '2019-08-18 01:47:46', NULL, 'NO'),
(463, '20845450', '1', '4° G', NULL, 'LÓPEZ RIFFO', 'TIHARE TAMAR', 0, 0, 0, 0, 0, 0, 0, 1, 0, '2019-08-18 01:47:46', '2019-08-18 01:47:46', NULL, 'NO'),
(464, '20931052', 'K', '4° G', NULL, 'VILLANUEVA SUÁREZ', 'JAVIERA MACARENA', 0, 0, 0, 0, 0, 0, 0, 1, 0, '2019-08-18 01:47:46', '2019-08-18 01:47:46', NULL, 'NO'),
(465, '20909920', '9', '4° G', NULL, 'ARAYA DURÁN', 'MARÍA EDUARDA ALFONSINA', 0, 0, 0, 0, 0, 0, 0, 1, 0, '2019-08-18 01:47:46', '2019-08-18 01:47:46', NULL, 'NO'),
(466, '20973002', '2', '4° G', NULL, 'LAITY ALCAIDE', 'ANNAIS MILLALEN', 0, 0, 0, 0, 0, 0, 0, 1, 0, '2019-08-18 01:47:46', '2019-08-18 01:47:46', NULL, 'NO'),
(467, '20159576', '2', '4° G', NULL, 'VILLALOBOS SALGADO', 'SOFÍA PAZ', 0, 0, 0, 0, 0, 0, 0, 1, 0, '2019-08-18 01:47:46', '2019-08-18 01:47:46', NULL, 'NO'),
(468, '20998251', 'K', '4° G', NULL, 'FIGUEROA MARTÍNEZ', 'MURIEL BETZABET ALEJANDRA', 0, 0, 0, 0, 0, 0, 0, 1, 0, '2019-08-18 01:47:46', '2019-08-18 01:47:46', NULL, 'NO'),
(469, '20819417', '8', '4° G', NULL, 'CAMPOS COLLAO', 'CONSTANZA DANIELA', 0, 0, 0, 0, 0, 0, 0, 1, 0, '2019-08-18 01:47:46', '2019-08-18 01:47:46', NULL, 'NO'),
(470, '20950993', '8', '4° G', NULL, 'MADARIAGA ESPINOZA', 'DENISSE ALEXIS ROSE-MARIE', 0, 0, 0, 0, 0, 0, 0, 1, 0, '2019-08-18 01:47:46', '2019-08-18 01:47:46', NULL, 'NO'),
(471, '20552065', '1', '4° G', NULL, 'OGAZ TAPIA', 'THIARE ANDREA', 0, 0, 0, 0, 0, 0, 0, 1, 0, '2019-08-18 01:47:46', '2019-08-18 01:47:46', NULL, 'NO'),
(472, '20931106', '2', '4° G', NULL, 'AGUILAR VERA', 'CONSTANZA DOMINIQUE', 0, 0, 0, 0, 0, 0, 0, 1, 0, '2019-08-18 01:47:46', '2019-08-18 01:47:46', NULL, 'NO'),
(473, '20815171', '1', '4° G', NULL, 'BARRÍA OÑATE', 'PAULINA SOLEDAD', 0, 0, 0, 0, 0, 0, 0, 1, 0, '2019-08-18 01:47:46', '2019-08-18 01:47:46', NULL, 'NO'),
(474, '20791044', '9', '4° G', NULL, 'ASTORGA ASTORGA', 'MILENCA BEATRIZ', 0, 0, 0, 0, 0, 0, 0, 1, 0, '2019-08-18 01:47:46', '2019-08-18 01:47:46', NULL, 'NO'),
(475, '20404358', '2', '4° G', NULL, 'PEÑA MOLINA', 'ALEJANDRA IVETTE', 0, 0, 0, 0, 0, 0, 0, 1, 0, '2019-08-18 01:47:46', '2019-08-18 01:47:46', NULL, 'NO'),
(476, '20824952', '5', '4° G', NULL, 'CONA RAMÍREZ', 'YAEL HANNAIR', 0, 0, 0, 0, 0, 0, 0, 1, 0, '2019-08-18 01:47:46', '2019-08-18 01:47:46', NULL, 'NO'),
(477, '20784211', '7', '4° G', NULL, 'ESPINOZA VARGAS', 'JAVIERA PAZ', 0, 0, 0, 0, 0, 0, 0, 1, 0, '2019-08-18 01:47:46', '2019-08-18 01:47:46', NULL, 'NO'),
(478, '20668410', '0', '4° G', NULL, 'MONJES GALLARDO', 'ANITA MARÍA', 0, 0, 0, 0, 0, 0, 0, 1, 0, '2019-08-18 01:47:46', '2019-08-18 01:47:46', NULL, 'NO'),
(479, '20668957', '9', '4° G', NULL, 'SOTO OPAZO', 'PAMELA PAZ', 0, 0, 0, 0, 0, 0, 0, 1, 0, '2019-08-18 01:47:46', '2019-08-18 01:47:46', NULL, 'NO'),
(480, '20431628', '7', '4° G', NULL, 'MEZA BECERRA', 'JAVIERA ISIDORA', 0, 0, 0, 0, 0, 0, 0, 1, 0, '2019-08-18 01:47:46', '2019-08-18 01:47:46', NULL, 'NO'),
(481, '20805884', '3', '3° A', NULL, 'PÁEZ SOTOMAYOR', 'YARIXA MACARENA', 0, 0, 0, 0, 0, 0, 0, 1, 0, '2019-08-18 01:47:46', '2019-08-18 01:47:46', NULL, 'NO'),
(482, '20756376', '5', '3° A', NULL, 'ÓRDENES TREJO', 'TAMARA ALEXANDRA', 0, 0, 0, 0, 0, 0, 0, 1, 0, '2019-08-18 01:47:46', '2019-08-18 01:47:46', NULL, 'NO'),
(483, '100389508', '0', '3° A', NULL, 'MEDINA ARENAS', 'LAURA VANESSA', 0, 0, 0, 0, 0, 0, 0, 1, 0, '2019-08-18 01:47:46', '2019-08-18 01:47:46', NULL, 'NO'),
(484, '20981941', '4', '3° A', NULL, 'VELÁSQUEZ VALENZUELA', 'ISIDORA HELENA GEMITA', 0, 0, 0, 0, 0, 0, 0, 1, 0, '2019-08-18 01:47:46', '2019-08-18 01:47:46', NULL, 'NO'),
(485, '21295612', '0', '3° A', NULL, 'ALFARO ACUÑA', 'JAVIERA ANGELINA', 0, 0, 0, 0, 0, 0, 0, 1, 0, '2019-08-18 01:47:46', '2019-08-18 01:47:46', NULL, 'NO'),
(486, '20713914', '9', '3° A', NULL, 'HERRERA YÁÑEZ', 'MURIEL NAYELI', 0, 0, 0, 0, 0, 0, 0, 1, 0, '2019-08-18 01:47:46', '2019-08-18 01:47:46', NULL, 'NO'),
(487, '20762318', '0', '3° A', NULL, 'CHÁVEZ GUAJARDO', 'KRISHNA VALENTINA', 0, 0, 0, 0, 0, 0, 0, 1, 0, '2019-08-18 01:47:46', '2019-08-18 01:47:46', NULL, 'NO'),
(488, '20913839', '5', '3° A', NULL, 'CORTÉS SOTO', 'DANITZA ALEJANDRA', 0, 0, 0, 0, 0, 0, 0, 1, 0, '2019-08-18 01:47:46', '2019-08-18 01:47:46', NULL, 'NO'),
(489, '21055425', '4', '3° A', NULL, 'GONZÁLEZ ZELAYA', 'JANNIS ANTONIA', 0, 0, 0, 0, 0, 0, 0, 1, 0, '2019-08-18 01:47:46', '2019-08-18 01:47:46', NULL, 'NO'),
(490, '21006453', '2', '3° A', NULL, 'PEÑA PARRA', 'BEATRIZ FERNANDA', 0, 0, 0, 0, 0, 0, 0, 1, 0, '2019-08-18 01:47:46', '2019-08-18 01:47:46', NULL, 'NO'),
(491, '100426567', '6', '3° A', NULL, 'ACOSTA MALDONADO', 'SARAI GEORGINA', 0, 0, 0, 0, 0, 0, 0, 1, 0, '2019-08-18 01:47:46', '2019-08-18 01:47:46', NULL, 'NO'),
(492, '20998616', '7', '3° A', NULL, 'FAJARDO BARRA', 'PAULA BELÉN', 0, 0, 0, 0, 0, 0, 0, 1, 0, '2019-08-18 01:47:46', '2019-08-18 01:47:46', NULL, 'NO'),
(493, '20419740', '7', '3° A', NULL, 'SEGURA PÉREZ', 'MARÍA BELÉN', 0, 0, 0, 0, 0, 0, 0, 1, 0, '2019-08-18 01:47:46', '2019-08-18 01:47:46', NULL, 'NO'),
(494, '21074314', '6', '3° A', NULL, 'MARTÍNEZ CADENAS', 'JAVIERA ANNAIS', 0, 0, 0, 0, 0, 0, 0, 1, 0, '2019-08-18 01:47:46', '2019-08-18 01:47:46', NULL, 'NO'),
(495, '20792947', '6', '3° A', NULL, 'REUCA TOBAR', 'MACIEL ESMERALDA', 0, 0, 0, 0, 0, 0, 0, 1, 0, '2019-08-18 01:47:46', '2019-08-18 01:47:46', NULL, 'NO'),
(496, '21213108', '3', '3° A', NULL, 'MELLADO MACHUCA', 'JAVIERA ESPERANZA', 0, 0, 0, 0, 0, 0, 0, 1, 0, '2019-08-18 01:47:46', '2019-08-18 01:47:46', NULL, 'NO'),
(497, '20616117', '5', '3° A', NULL, 'GONZÁLEZ SEPÚLVEDA', 'JAZMÍN SOLEDAD', 0, 0, 0, 0, 0, 0, 0, 1, 0, '2019-08-18 01:47:46', '2019-08-18 01:47:46', NULL, 'NO'),
(498, '20945972', '8', '3° A', NULL, 'SANTANDER ALBORNOZ', 'MURIEL ANTONIA', 0, 0, 0, 0, 0, 0, 0, 1, 0, '2019-08-18 01:47:46', '2019-08-18 01:47:46', NULL, 'NO'),
(499, '20420775', '5', '3° A', NULL, 'DIDIER SOBARZO', 'HASLEY SASHA', 0, 0, 0, 0, 0, 0, 0, 1, 0, '2019-08-18 01:47:46', '2019-08-18 01:47:46', NULL, 'NO'),
(500, '21079515', '4', '3° A', NULL, 'MELIPILLÁN ITURRA', 'MONSERRAT ANDREA', 0, 0, 0, 0, 0, 0, 0, 1, 0, '2019-08-18 01:47:46', '2019-08-18 01:47:46', NULL, 'NO'),
(501, '20790048', '6', '3° A', NULL, 'PRIETO ABARCA', 'MICHELLE ANTONIA', 0, 0, 0, 0, 0, 0, 0, 1, 0, '2019-08-18 01:47:46', '2019-08-18 01:47:46', NULL, 'NO'),
(502, '21151140', '0', '3° A', NULL, 'REYES SEREÑO', 'MICHELLE ALEJANDRA', 0, 0, 0, 0, 0, 0, 0, 1, 0, '2019-08-18 01:47:46', '2019-08-18 01:47:46', NULL, 'NO'),
(503, '20790101', '6', '3° A', NULL, 'SIERRA RUBILAR', 'BRENDA PAOLA', 0, 0, 0, 0, 0, 0, 0, 1, 0, '2019-08-18 01:47:46', '2019-08-18 01:47:46', NULL, 'NO'),
(504, '20653718', '3', '3° A', NULL, 'CHANDÍA ÁGUILA', 'KYARA SCARLETTE', 0, 0, 0, 0, 0, 0, 0, 1, 0, '2019-08-18 01:47:46', '2019-08-18 01:47:46', NULL, 'NO'),
(505, '21181132', '3', '3° A', NULL, 'ESCOBAR AROS', 'ARACELI DAMARIS', 0, 0, 0, 0, 0, 0, 0, 1, 0, '2019-08-18 01:47:46', '2019-08-18 01:47:46', NULL, 'NO'),
(506, '21095596', '8', '3° A', NULL, 'NAVARRETE SERRANO', 'ALANIS MILLARAY', 0, 0, 0, 0, 0, 0, 0, 1, 0, '2019-08-18 01:47:46', '2019-08-18 01:47:46', NULL, 'NO'),
(507, '25468341', '8', '3° A', NULL, 'ALFARO CRUZADO', 'NOREYLLA RISITH', 0, 0, 0, 0, 0, 0, 0, 1, 0, '2019-08-18 01:47:46', '2019-08-18 01:47:46', NULL, 'NO'),
(508, '21225212', '3', '3° A', NULL, 'HOLZAPFEL SERRANO', 'KARLA BAT-SEBA', 0, 0, 0, 0, 0, 0, 0, 1, 0, '2019-08-18 01:47:46', '2019-08-18 01:47:46', NULL, 'NO'),
(509, '26390948', '8', '3° A', NULL, 'CARDENAS DEL BARCO', 'ODALYS PRISCILA', 0, 0, 0, 0, 0, 0, 0, 1, 0, '2019-08-18 01:47:46', '2019-08-18 01:47:46', NULL, 'NO'),
(510, '21088936', '1', '3° A', NULL, 'SEPÚLVEDA PAZMIÑO', 'CATALINA BELÉN', 0, 0, 0, 0, 0, 0, 0, 1, 0, '2019-08-18 01:47:46', '2019-08-18 01:47:46', NULL, 'NO'),
(511, '20616188', '4', '3° A', NULL, 'LORCA LÓPEZ', 'YEIMMY DENISSE', 0, 0, 0, 0, 0, 0, 0, 1, 0, '2019-08-18 01:47:46', '2019-08-18 01:47:46', NULL, 'NO'),
(512, '20813686', '0', '3° A', NULL, 'CABRERA LAGOS', 'CONSTANZA ESTEFANÍA', 0, 0, 0, 0, 0, 0, 0, 1, 0, '2019-08-18 01:47:46', '2019-08-18 01:47:46', NULL, 'NO'),
(513, '20667583', '7', '3° A', NULL, 'CHAMBLAS VALENZUELA', 'EDITH ESPERANZA', 0, 0, 0, 0, 0, 0, 0, 1, 0, '2019-08-18 01:47:46', '2019-08-18 01:47:46', NULL, 'NO'),
(514, '20405413', '4', '3° A', NULL, 'MILLALLANCO LÓPEZ', 'DARLYN TAMARA', 0, 0, 0, 0, 0, 0, 0, 1, 0, '2019-08-18 01:47:46', '2019-08-18 01:47:46', NULL, 'NO'),
(515, '20596548', '3', '3° A', NULL, 'PARDO VALERIA', 'DANIELA CONSTANZA', 0, 0, 0, 0, 0, 0, 0, 1, 0, '2019-08-18 01:47:46', '2019-08-18 01:47:46', NULL, 'NO'),
(516, '21238576', 'K', '3° A', NULL, 'MEZA ESCOBAR', 'SAMIRA SCARLET', 0, 0, 0, 0, 0, 0, 0, 1, 0, '2019-08-18 01:47:46', '2019-08-18 01:47:46', NULL, 'NO'),
(517, '21026209', '1', '3° A', NULL, 'GARAY AGUILERA', 'SAMANTA MILLARAY', 0, 0, 0, 0, 0, 0, 0, 1, 0, '2019-08-18 01:47:46', '2019-08-18 01:47:46', NULL, 'NO'),
(518, '20614809', '8', '3° A', NULL, 'IBARRA REYES', 'CONSTANZA BELÉN', 0, 0, 0, 0, 0, 0, 0, 1, 0, '2019-08-18 01:47:46', '2019-08-18 01:47:46', NULL, 'NO'),
(519, '21280098', '8', '3° B', NULL, 'GUTIÉRREZ GONZÁLEZ', 'ÁMBAR SYLVIA VICTORIA', 0, 0, 0, 0, 0, 0, 0, 1, 0, '2019-08-18 01:47:46', '2019-08-18 01:47:46', NULL, 'NO'),
(520, '21054108', 'K', '3° B', NULL, 'PEÑA CELIS', 'CAMILA CONSTANZA', 0, 0, 0, 0, 0, 0, 0, 1, 0, '2019-08-18 01:47:46', '2019-08-18 01:47:46', NULL, 'NO'),
(521, '20434417', '5', '3° B', NULL, 'FUENTEALBA PÉREZ', 'THIARE KATIUSKA', 0, 0, 0, 0, 0, 0, 0, 1, 0, '2019-08-18 01:47:46', '2019-08-18 01:47:46', NULL, 'NO'),
(522, '20816452', 'K', '3° B', NULL, 'TENORIO TAPIA', 'VANYA NINOSKA', 0, 0, 0, 0, 0, 0, 0, 1, 0, '2019-08-18 01:47:46', '2019-08-18 01:47:46', NULL, 'NO'),
(523, '20991983', '4', '3° B', NULL, 'ROSALES RETAMALES', 'NATHALIA ANDREA', 0, 0, 0, 0, 0, 0, 0, 1, 0, '2019-08-18 01:47:46', '2019-08-18 01:47:46', NULL, 'NO'),
(524, '20881767', '1', '3° B', NULL, 'PARRAGUEZ CAMPOS', 'DANIELA MILLARAY', 0, 0, 0, 0, 0, 0, 0, 1, 0, '2019-08-18 01:47:46', '2019-08-18 01:47:46', NULL, 'NO'),
(525, '21160640', '1', '3° B', NULL, 'LAUREL CABEZAS', 'TAMARA ANDREA', 0, 0, 0, 0, 0, 0, 0, 1, 0, '2019-08-18 01:47:46', '2019-08-18 01:47:46', NULL, 'NO'),
(526, '20931024', '4', '3° B', NULL, 'BASAURE CARREÑO', 'JESSEBELLE ISSIE ANAÍS', 0, 0, 0, 0, 0, 0, 0, 1, 0, '2019-08-18 01:47:46', '2019-08-18 01:47:46', NULL, 'NO'),
(527, '20815866', 'K', '3° B', NULL, 'FUENTES VEGA', 'YANIS CATALINA', 0, 0, 0, 0, 0, 0, 0, 1, 0, '2019-08-18 01:47:46', '2019-08-18 01:47:46', NULL, 'NO'),
(528, '20576734', '7', '3° B', NULL, 'VALDÉS AZÓCAR', 'DANIELA BELÉN', 0, 0, 0, 0, 0, 0, 0, 1, 0, '2019-08-18 01:47:46', '2019-08-18 01:47:46', NULL, 'NO'),
(529, '21297130', '8', '3° B', NULL, 'CABELLO JIMÉNEZ', 'ANA BELÉN', 0, 0, 0, 0, 0, 0, 0, 1, 0, '2019-08-18 01:47:46', '2019-08-18 01:47:46', NULL, 'NO'),
(530, '20793343', '0', '3° B', NULL, 'CASTILLO VEGA', 'MILLARAY VENECIA', 0, 0, 0, 0, 0, 0, 0, 1, 0, '2019-08-18 01:47:46', '2019-08-18 01:47:46', NULL, 'NO'),
(531, '21055386', 'K', '3° B', NULL, 'ESCOBAR RUIZ', 'LINDSAY BEATRIZ', 0, 0, 0, 0, 0, 0, 0, 1, 0, '2019-08-18 01:47:46', '2019-08-18 01:47:46', NULL, 'NO'),
(532, '20670314', '8', '3° B', NULL, 'SILVA GONZÁLEZ', 'KRISHNA FERNANDA', 0, 0, 0, 0, 0, 0, 0, 1, 0, '2019-08-18 01:47:46', '2019-08-18 01:47:46', NULL, 'NO'),
(533, '21157509', '3', '3° B', NULL, 'FERNÁNDEZ ALBORNOZ', 'ROMINA SCARLETH', 0, 0, 0, 0, 0, 0, 0, 1, 0, '2019-08-18 01:47:46', '2019-08-18 01:47:46', NULL, 'NO'),
(534, '20794024', '0', '3° B', NULL, 'CÓRDOVA RAMÍREZ', 'MICHELL AYLIN', 0, 0, 0, 0, 0, 0, 0, 1, 0, '2019-08-18 01:47:46', '2019-08-18 01:47:46', NULL, 'NO'),
(535, '21155982', '9', '3° B', NULL, 'BURGOS BROWN', 'CAMILA IGNACIA', 0, 0, 0, 0, 0, 0, 0, 1, 0, '2019-08-18 01:47:46', '2019-08-18 01:47:46', NULL, 'NO'),
(536, '21055447', '5', '3° B', NULL, 'BASTÍAS GATICA', 'DANIA ISIDORA', 0, 0, 0, 0, 0, 0, 0, 1, 0, '2019-08-18 01:47:46', '2019-08-18 01:47:46', NULL, 'NO'),
(537, '20598253', '1', '3° B', NULL, 'CHÁVEZ TORRES', 'VAITIARE ESTEFANÍA', 0, 0, 0, 0, 0, 0, 0, 1, 0, '2019-08-18 01:47:46', '2019-08-18 01:47:46', NULL, 'NO'),
(538, '26495601', '3', '3° B', NULL, 'SANCHEZ CORDOBA', 'MANUELA', 0, 0, 0, 0, 0, 0, 0, 1, 0, '2019-08-18 01:47:46', '2019-08-18 01:47:46', NULL, 'NO'),
(539, '21038508', '8', '3° B', NULL, 'RIVAS ATENAS', 'TIARE ABIGAIL', 0, 0, 0, 0, 0, 0, 0, 1, 0, '2019-08-18 01:47:46', '2019-08-18 01:47:46', NULL, 'NO'),
(540, '19846050', '8', '3° B', NULL, 'IBARRA CONTRERAS', 'VICTORIA ARTEMISA', 0, 0, 0, 0, 0, 0, 0, 1, 0, '2019-08-18 01:47:46', '2019-08-18 01:47:46', NULL, 'NO'),
(541, '20762131', '5', '3° B', NULL, 'RIVERA OSSES', 'JAVIERA ALEJANDRA', 0, 0, 0, 0, 0, 0, 0, 1, 0, '2019-08-18 01:47:46', '2019-08-18 01:47:46', NULL, 'NO'),
(542, '20672021', '2', '3° B', NULL, 'NIETO SOTO', 'DAMARIS SOLANGE', 0, 0, 0, 0, 0, 0, 0, 1, 0, '2019-08-18 01:47:46', '2019-08-18 01:47:46', NULL, 'NO'),
(543, '20966571', '9', '3° B', NULL, 'QUIROZ RAMÍREZ', 'MILLARAY CAMILA', 0, 0, 0, 0, 0, 0, 0, 1, 0, '2019-08-18 01:47:46', '2019-08-18 01:47:46', NULL, 'NO'),
(544, '20954648', '5', '3° B', NULL, 'SILVA IBÁÑEZ', 'VANNESA ELIZABETH', 0, 0, 0, 0, 0, 0, 0, 1, 0, '2019-08-18 01:47:46', '2019-08-18 01:47:46', NULL, 'NO'),
(545, '20932537', '3', '3° B', NULL, 'CORREA VENEGAS', 'DAMARIS CONSTANZA', 0, 0, 0, 0, 0, 0, 0, 1, 0, '2019-08-18 01:47:46', '2019-08-18 01:47:46', NULL, 'NO'),
(546, '21188475', '4', '3° B', NULL, 'RIESCO MUÑOZ', 'GIANINA ANDREA', 0, 0, 0, 0, 0, 0, 0, 1, 0, '2019-08-18 01:47:46', '2019-08-18 01:47:46', NULL, 'NO'),
(547, '21193392', '5', '3° B', NULL, 'CORTÉS CARRILLO', 'GENESIS BELÉN', 0, 0, 0, 0, 0, 0, 0, 1, 0, '2019-08-18 01:47:46', '2019-08-18 01:47:46', NULL, 'NO'),
(548, '20668382', '1', '3° B', NULL, 'AGURTO CERDA', 'ISABEL CRISTINA', 0, 0, 0, 0, 0, 0, 0, 1, 0, '2019-08-18 01:47:46', '2019-08-18 01:47:46', NULL, 'NO'),
(549, '20793833', '5', '3° B', NULL, 'CASTRO QUESILLE', 'CATALINA CONSTANZA', 0, 0, 0, 0, 0, 0, 0, 1, 0, '2019-08-18 01:47:46', '2019-08-18 01:47:46', NULL, 'NO'),
(550, '20592497', '3', '3° B', NULL, 'PALACIOS MUÑOZ', 'PALOMA ALEN', 0, 0, 0, 0, 0, 0, 0, 1, 0, '2019-08-18 01:47:46', '2019-08-18 01:47:46', NULL, 'NO'),
(551, '20379703', '6', '3° B', NULL, 'MAYORGA CARRILLO', 'LILI MARLEN', 0, 0, 0, 0, 0, 0, 0, 1, 0, '2019-08-18 01:47:46', '2019-08-18 01:47:46', NULL, 'NO'),
(552, '25790620', '5', '3° B', NULL, 'MORAN ', 'SOFIA CONSTANZA', 0, 0, 0, 0, 0, 0, 0, 1, 0, '2019-08-18 01:47:46', '2019-08-18 01:47:46', NULL, 'NO'),
(553, '20920470', '3', '3° B', NULL, 'NÚÑEZ TRUJILLO', 'FRANCESCA ALONDRA', 0, 0, 0, 0, 0, 0, 0, 1, 0, '2019-08-18 01:47:46', '2019-08-18 01:47:46', NULL, 'NO'),
(554, '20575736', '8', '3° B', NULL, 'LOYOLA CÓRDOVA', 'CAROLINE FERNANDA', 0, 0, 0, 0, 0, 0, 0, 1, 0, '2019-08-18 01:47:46', '2019-08-18 01:47:46', NULL, 'NO'),
(555, '20976802', 'K', '3° B', NULL, 'ZENTENO SOTO', 'IGNACIA PAOLA', 0, 0, 0, 0, 0, 0, 0, 1, 0, '2019-08-18 01:47:46', '2019-08-18 01:47:46', NULL, 'NO'),
(556, '20988637', '5', '3° B', NULL, 'HUANQUI BASTÍAS', 'EUGENIA CAROLINA DEL CARMEN', 0, 0, 0, 0, 0, 0, 0, 1, 0, '2019-08-18 01:47:46', '2019-08-18 01:47:46', NULL, 'NO'),
(557, '21191332', '0', '3° B', NULL, 'BRAVO VALENZUELA', 'BELÉN ESPERANZA', 0, 0, 0, 0, 0, 0, 0, 1, 0, '2019-08-18 01:47:46', '2019-08-18 01:47:46', NULL, 'NO'),
(558, '20921869', '0', '3° C', NULL, 'PACHECO YÁÑEZ', 'JACQUELINE FERNANDA', 0, 0, 0, 0, 0, 0, 0, 1, 0, '2019-08-18 01:47:46', '2019-08-18 01:47:46', NULL, 'NO'),
(559, '21252225', '2', '3° C', NULL, 'OSSA CORTÉS', 'RAHIEN AMARU', 0, 0, 0, 0, 0, 0, 0, 1, 0, '2019-08-18 01:47:46', '2019-08-18 01:47:46', NULL, 'NO'),
(560, '20615713', '5', '3° C', NULL, 'RIQUELME ZAPATA', 'RUTH MARÍA', 0, 0, 0, 0, 0, 0, 0, 1, 0, '2019-08-18 01:47:46', '2019-08-18 01:47:46', NULL, 'NO'),
(561, '21203260', '3', '3° C', NULL, 'FLORES MUÑOZ', 'CLAUDIA IVONNE', 0, 0, 0, 0, 0, 0, 0, 1, 0, '2019-08-18 01:47:46', '2019-08-18 01:47:46', NULL, 'NO'),
(562, '21315420', '6', '3° C', NULL, 'PRADO FUENTES', 'VIVIANA ALEJANDRA', 0, 0, 0, 0, 0, 0, 0, 1, 0, '2019-08-18 01:47:46', '2019-08-18 01:47:46', NULL, 'NO'),
(563, '20943901', '8', '3° C', NULL, 'VALENZUELA DÍAZ', 'CAROLINA ANDREA', 0, 0, 0, 0, 0, 0, 0, 1, 0, '2019-08-18 01:47:46', '2019-08-18 01:47:46', NULL, 'NO'),
(564, '21091162', '6', '3° C', NULL, 'CASTILLO TAPIA', 'KATHIA ISABEL', 0, 0, 0, 0, 0, 0, 0, 1, 0, '2019-08-18 01:47:46', '2019-08-18 01:47:46', NULL, 'NO'),
(565, '21062866', '5', '3° C', NULL, 'CARDOZA LAVÍN', 'YULIANA BELÉN', 0, 0, 0, 0, 0, 0, 0, 1, 0, '2019-08-18 01:47:46', '2019-08-18 01:47:46', NULL, 'NO'),
(566, '20668341', '4', '3° C', NULL, 'MARTÍNEZ CHAPARRO', 'NICOL DEL PILAR', 0, 0, 0, 0, 0, 0, 0, 1, 0, '2019-08-18 01:47:46', '2019-08-18 01:47:46', NULL, 'NO'),
(567, '20913619', '8', '3° C', NULL, 'HEVIA MUÑOZ', 'NATALIA ALEXANDRA', 0, 0, 0, 0, 0, 0, 0, 1, 0, '2019-08-18 01:47:46', '2019-08-18 01:47:46', NULL, 'NO'),
(568, '21166013', '9', '3° C', NULL, 'OLIVARES HERRERA', 'CONSUELO ISABEL', 0, 0, 0, 0, 0, 0, 0, 1, 0, '2019-08-18 01:47:46', '2019-08-18 01:47:46', NULL, 'NO'),
(569, '21141926', '1', '3° C', NULL, 'RODRÍGUEZ CARRASCO', 'DEBORA VALENTINA', 0, 0, 0, 0, 0, 0, 0, 1, 0, '2019-08-18 01:47:46', '2019-08-18 01:47:46', NULL, 'NO'),
(570, '21198218', '7', '3° C', NULL, 'MORA MOYANO', 'GILLIAN ALEJANDRA', 0, 0, 0, 0, 0, 0, 0, 1, 0, '2019-08-18 01:47:46', '2019-08-18 01:47:46', NULL, 'NO'),
(571, '20219960', '7', '3° C', NULL, 'JEREZ FLORES', 'ANGELA ALEJANDRA', 0, 0, 0, 0, 0, 0, 0, 1, 0, '2019-08-18 01:47:46', '2019-08-18 01:47:46', NULL, 'NO'),
(572, '20777045', '0', '3° C', NULL, 'CRUZ SILVA', 'PAULA ANTONIA', 0, 0, 0, 0, 0, 0, 0, 1, 0, '2019-08-18 01:47:46', '2019-08-18 01:47:46', NULL, 'NO'),
(573, '21029625', '5', '3° C', NULL, 'BARRIOS VALDÉS', 'DAMARIS YISLEN', 0, 0, 0, 0, 0, 0, 0, 1, 0, '2019-08-18 01:47:46', '2019-08-18 01:47:46', NULL, 'NO'),
(574, '21233728', '5', '3° C', NULL, 'BUSTAMANTE RAMÍREZ', 'MARÍA PAZ DE JESÚS', 0, 0, 0, 0, 0, 0, 0, 1, 0, '2019-08-18 01:47:46', '2019-08-18 01:47:46', NULL, 'NO'),
(575, '20949443', '4', '3° C', NULL, 'ORTEGA SAN MARTÍN', 'ADRIANA DEL ROSARIO', 0, 0, 0, 0, 0, 0, 0, 1, 0, '2019-08-18 01:47:46', '2019-08-18 01:47:46', NULL, 'NO'),
(576, '21079464', '6', '3° C', NULL, 'CIFUENTES HERRERA', 'KARLA FRANCISCA', 0, 0, 0, 0, 0, 0, 0, 1, 0, '2019-08-18 01:47:46', '2019-08-18 01:47:46', NULL, 'NO'),
(577, '21255262', '3', '3° C', NULL, 'MOYA CAMPOS', 'JANDARI CRISTAL', 0, 0, 0, 0, 0, 0, 0, 1, 0, '2019-08-18 01:47:46', '2019-08-18 01:47:46', NULL, 'NO'),
(578, '25522841', '2', '3° C', NULL, 'RIASCOS VALENCIA', 'GERALDINE CAMILA', 0, 0, 0, 0, 0, 0, 0, 1, 0, '2019-08-18 01:47:46', '2019-08-18 01:47:46', NULL, 'NO'),
(579, '21137867', '0', '3° C', NULL, 'ORREGO MEDINA', 'CARLA SIDNEY', 0, 0, 0, 0, 0, 0, 0, 1, 0, '2019-08-18 01:47:46', '2019-08-18 01:47:46', NULL, 'NO'),
(580, '20420095', '5', '3° C', NULL, 'MÉNDEZ LABRA', 'VALERIA DEL CARMEN', 0, 0, 0, 0, 0, 0, 0, 1, 0, '2019-08-18 01:47:46', '2019-08-18 01:47:46', NULL, 'NO'),
(581, '21150608', '3', '3° C', NULL, 'VILLANUEVA ALFARO', 'ALEXANDRA MELISSA', 0, 0, 0, 0, 0, 0, 0, 1, 0, '2019-08-18 01:47:46', '2019-08-18 01:47:46', NULL, 'NO'),
(582, '21211191', '0', '3° C', NULL, 'CUITIÑO VENTURA', 'MARIELA ANDREA', 0, 0, 0, 0, 0, 0, 0, 1, 0, '2019-08-18 01:47:46', '2019-08-18 01:47:46', NULL, 'NO'),
(583, '20952871', '1', '3° C', NULL, 'SERRANO CORREA', 'IGNACIA ANTONIA', 0, 0, 0, 0, 0, 0, 0, 1, 0, '2019-08-18 01:47:46', '2019-08-18 01:47:46', NULL, 'NO'),
(584, '20450947', '6', '3° C', NULL, 'PAREDES OLIVA', 'GENESIS SOAR', 0, 0, 0, 0, 0, 0, 0, 1, 0, '2019-08-18 01:47:46', '2019-08-18 01:47:46', NULL, 'NO'),
(585, '21054620', '0', '3° C', NULL, 'SALINAS PARDO', 'JENNIFER DENISE', 0, 0, 0, 0, 0, 0, 0, 1, 0, '2019-08-18 01:47:46', '2019-08-18 01:47:46', NULL, 'NO'),
(586, '21320627', '3', '3° C', NULL, 'DÍAZ URBINA', 'CONSTANZA ANTONIA', 0, 0, 0, 0, 0, 0, 0, 1, 0, '2019-08-18 01:47:46', '2019-08-18 01:47:46', NULL, 'NO'),
(587, '21065374', '0', '3° C', NULL, 'FUENTEALBA SEPÚLVEDA', 'MICHELLE SOLANGE', 0, 0, 0, 0, 0, 0, 0, 1, 0, '2019-08-18 01:47:46', '2019-08-18 01:47:46', NULL, 'NO'),
(588, '20879165', '6', '3° C', NULL, 'AVENDAÑO CAMPOS', 'CATALINA ANDREA', 0, 0, 0, 0, 0, 0, 0, 1, 0, '2019-08-18 01:47:46', '2019-08-18 01:47:46', NULL, 'NO'),
(589, '21078728', '3', '3° D', NULL, 'ELGUETA GÓMEZ', 'NALLELY MILLARAY', 0, 0, 0, 0, 0, 0, 0, 1, 0, '2019-08-18 01:47:46', '2019-08-18 01:47:46', NULL, 'NO'),
(590, '24684722', '3', '3° D', NULL, 'MEDINA VALENTIN', 'ROSA JALIMAR', 0, 0, 0, 0, 0, 0, 0, 1, 0, '2019-08-18 01:47:46', '2019-08-18 01:47:46', NULL, 'NO'),
(591, '25530052', '0', '3° D', NULL, 'ROGGERO ELIAS', 'HAYRLE', 0, 0, 0, 0, 0, 0, 0, 1, 0, '2019-08-18 01:47:46', '2019-08-18 01:47:46', NULL, 'NO'),
(592, '100427353', '9', '3° D', NULL, 'LONDOÑO BARRERA', 'INGRID DAYANA', 0, 0, 0, 0, 0, 0, 0, 1, 0, '2019-08-18 01:47:46', '2019-08-18 01:47:46', NULL, 'NO'),
(593, '21157510', '7', '3° D', NULL, 'RAMOS RÍOS', 'TIARE NICOLE', 0, 0, 0, 0, 0, 0, 0, 1, 0, '2019-08-18 01:47:46', '2019-08-18 01:47:46', NULL, 'NO'),
(594, '21210839', '1', '3° D', NULL, 'ROMERO SALVO', 'TATIANA BELÉN', 0, 0, 0, 0, 0, 0, 0, 1, 0, '2019-08-18 01:47:46', '2019-08-18 01:47:46', NULL, 'NO'),
(595, '20576037', '7', '3° D', NULL, 'CORVALÁN SAGREDO', 'FRANCISCA JAVIERA', 0, 0, 0, 0, 0, 0, 0, 1, 0, '2019-08-18 01:47:46', '2019-08-18 01:47:46', NULL, 'NO'),
(596, '20043715', '2', '3° D', NULL, 'SEPÚLVEDA ALDANA', 'EDITH ALEJANDRA', 0, 0, 0, 0, 0, 0, 0, 1, 0, '2019-08-18 01:47:46', '2019-08-18 01:47:46', NULL, 'NO'),
(597, '20595772', '3', '3° D', NULL, 'MOLL TAMAYO', 'CATALINA LISBETH', 0, 0, 0, 0, 0, 0, 0, 1, 0, '2019-08-18 01:47:46', '2019-08-18 01:47:46', NULL, 'NO'),
(598, '21319351', '1', '3° D', NULL, 'CERDA AGUILERA', 'JAZMÍN JULISSA', 0, 0, 0, 0, 0, 0, 0, 1, 0, '2019-08-18 01:47:46', '2019-08-18 01:47:46', NULL, 'NO'),
(599, '21060496', '0', '3° D', NULL, 'BARRA LAVADOS', 'GENESIS JAVIERA', 0, 0, 0, 0, 0, 0, 0, 1, 0, '2019-08-18 01:47:46', '2019-08-18 01:47:46', NULL, 'NO'),
(600, '21287507', '4', '3° D', NULL, 'RIQUELME ACEVEDO', 'IANIS KARLA ANTONIA', 0, 0, 0, 0, 0, 0, 0, 1, 0, '2019-08-18 01:47:46', '2019-08-18 01:47:46', NULL, 'NO'),
(601, '21094188', '6', '3° D', NULL, 'SUBIABRE ADONES', 'YESSICA FERNANDA', 0, 0, 0, 0, 0, 0, 0, 1, 0, '2019-08-18 01:47:46', '2019-08-18 01:47:46', NULL, 'NO'),
(602, '20832982', '0', '3° D', NULL, 'RIVERA RODRÍGUEZ', 'DARLING ESTEFANÍA', 0, 0, 0, 0, 0, 0, 0, 1, 0, '2019-08-18 01:47:46', '2019-08-18 01:47:46', NULL, 'NO'),
(603, '100475372', '7', '3° D', NULL, 'MURILLO GOMEZ', 'ISABELLA', 0, 0, 0, 0, 0, 0, 0, 1, 0, '2019-08-18 01:47:46', '2019-08-18 01:47:46', NULL, 'NO'),
(604, '20782819', 'K', '3° D', NULL, 'PÉREZ BALMACEDA', 'ANAÍS ROCÍO', 0, 0, 0, 0, 0, 0, 0, 1, 0, '2019-08-18 01:47:46', '2019-08-18 01:47:46', NULL, 'NO'),
(605, '20762573', '6', '3° D', NULL, 'RIVEROS LAVÍN', 'ANTONIA IGNACIA', 0, 0, 0, 0, 0, 0, 0, 1, 0, '2019-08-18 01:47:46', '2019-08-18 01:47:46', NULL, 'NO'),
(606, '21300923', '0', '3° D', NULL, 'MONTECINOS MAGAÑA', 'DANAE ANDREA', 0, 0, 0, 0, 0, 0, 0, 1, 0, '2019-08-18 01:47:46', '2019-08-18 01:47:46', NULL, 'NO'),
(607, '20982407', '8', '3° D', NULL, 'PONCE GUTIÉRREZ', 'CONSTANZA VALENTINA OLIMPIA', 0, 0, 0, 0, 0, 0, 0, 1, 0, '2019-08-18 01:47:46', '2019-08-18 01:47:46', NULL, 'NO'),
(608, '20787305', '5', '3° D', NULL, 'ANDRADE RAMÍREZ', 'GERALDINE AYANARA ANDREA', 0, 0, 0, 0, 0, 0, 0, 1, 0, '2019-08-18 01:47:46', '2019-08-18 01:47:46', NULL, 'NO'),
(609, '21206386', 'K', '3° D', NULL, 'NORAMBUENA MARTINEZ', 'GEORGIA VARINIA', 0, 0, 0, 0, 0, 0, 0, 1, 0, '2019-08-18 01:47:46', '2019-08-18 01:47:46', NULL, 'NO'),
(610, '25027968', 'K', '3° D', NULL, 'VASQUEZ PEREDA', 'OLENKA BRILLYC', 0, 0, 0, 0, 0, 0, 0, 1, 0, '2019-08-18 01:47:46', '2019-08-18 01:47:46', NULL, 'NO'),
(611, '26305982', '4', '3° D', NULL, 'GARCIA BLANCO', 'ARIANNY JAKELYN', 0, 0, 0, 0, 0, 0, 0, 1, 0, '2019-08-18 01:47:46', '2019-08-18 01:47:46', NULL, 'NO'),
(612, '21327443', '0', '3° D', NULL, 'GONZÁLEZ ESCOBAR', 'CONSTANZA NICOLE', 0, 0, 0, 0, 0, 0, 0, 1, 0, '2019-08-18 01:47:46', '2019-08-18 01:47:46', NULL, 'NO'),
(613, '20615995', '2', '3° D', NULL, 'CEA PILQUIÑIR', 'DAMARIS SOFÍA', 0, 0, 0, 0, 0, 0, 0, 1, 0, '2019-08-18 01:47:46', '2019-08-18 01:47:46', NULL, 'NO'),
(614, '21217522', '6', '3° D', NULL, 'PEÑA CORONA', 'PIA LORETO', 0, 0, 0, 0, 0, 0, 0, 1, 0, '2019-08-18 01:47:46', '2019-08-18 01:47:46', NULL, 'NO'),
(615, '20637475', '6', '3° D', NULL, 'ANDAUR TRONCOSO', 'CATALINA CONSTANZA', 0, 0, 0, 0, 0, 0, 0, 1, 0, '2019-08-18 01:47:46', '2019-08-18 01:47:46', NULL, 'NO'),
(616, '20826425', '7', '3° D', NULL, 'CONTRERAS MUÑOZ', 'SCARLET ISABEL', 0, 0, 0, 0, 0, 0, 0, 1, 0, '2019-08-18 01:47:46', '2019-08-18 01:47:46', NULL, 'NO'),
(617, '21079754', '8', '3° D', NULL, 'GALLARDO LILLO', 'CONSTANZA AILINE', 0, 0, 0, 0, 0, 0, 0, 1, 0, '2019-08-18 01:47:46', '2019-08-18 01:47:46', NULL, 'NO'),
(618, '20107183', '6', '4° A', NULL, 'TEJEDA RIVERA', 'TIARE CAROLINA', 0, 0, 0, 0, 0, 0, 0, 1, 0, '2019-08-18 01:47:46', '2019-08-18 01:47:46', NULL, 'NO'),
(619, '20467616', 'K', '4° A', NULL, 'CAGNIN GALLEGOS', 'GALIT', 0, 0, 0, 0, 0, 0, 0, 1, 0, '2019-08-18 01:47:46', '2019-08-18 01:47:46', NULL, 'NO'),
(620, '20190919', '8', '4° A', NULL, 'FIGUEROA FIGUEROA', 'MARÍA IGNACIA', 0, 0, 0, 0, 0, 0, 0, 1, 0, '2019-08-18 01:47:46', '2019-08-18 01:47:46', NULL, 'NO'),
(621, '21029866', '5', '4° A', NULL, 'MUÑOZ PORTILLA', 'MELANIE CONSTANZA', 0, 0, 0, 0, 0, 0, 0, 1, 0, '2019-08-18 01:47:46', '2019-08-18 01:47:46', NULL, 'NO'),
(622, '20403652', '7', '4° A', NULL, 'NAVARRO GUAJARDO', 'VALENTINA CATALINA', 0, 0, 0, 0, 0, 0, 0, 1, 0, '2019-08-18 01:47:46', '2019-08-18 01:47:46', NULL, 'NO'),
(623, '20942111', '9', '4° A', NULL, 'VILCHES GUERRA', 'DANITZA CORALY', 0, 0, 0, 0, 0, 0, 0, 1, 0, '2019-08-18 01:47:46', '2019-08-18 01:47:46', NULL, 'NO'),
(624, '20714293', 'K', '4° A', NULL, 'VERA MARTÍNEZ', 'ANGELA DEL CARMEN', 0, 0, 0, 0, 0, 0, 0, 1, 0, '2019-08-18 01:47:46', '2019-08-18 01:47:46', NULL, 'NO'),
(625, '20146631', '8', '4° A', NULL, 'FUENZALIDA CÁRDENAS', 'JAVIERA ANTONIA', 0, 0, 0, 0, 0, 0, 0, 1, 0, '2019-08-18 01:47:46', '2019-08-18 01:47:46', NULL, 'NO'),
(626, '20191871', '5', '4° A', NULL, 'RETAMAL POZO', 'CATALINA BELÉN', 0, 0, 0, 0, 0, 0, 0, 1, 0, '2019-08-18 01:47:46', '2019-08-18 01:47:46', NULL, 'NO'),
(627, '20643195', '4', '4° A', NULL, 'ROJAS GARAY', 'MYRIAM DANIELA', 0, 0, 0, 0, 0, 0, 0, 1, 0, '2019-08-18 01:47:46', '2019-08-18 01:47:46', NULL, 'NO'),
(628, '20813764', '6', '4° A', NULL, 'COLIPE PICEROS', 'YANARA ESTRELLA ANAÍS', 0, 0, 0, 0, 0, 0, 0, 1, 0, '2019-08-18 01:47:46', '2019-08-18 01:47:46', NULL, 'NO'),
(629, '20816109', '1', '4° A', NULL, 'HERNÁNDEZ RIVERA', 'MARCIA YOLANDA', 0, 0, 0, 0, 0, 0, 0, 1, 0, '2019-08-18 01:47:46', '2019-08-18 01:47:46', NULL, 'NO'),
(630, '20447127', '4', '4° A', NULL, 'ALLENDES TIZNADO', 'GENESIS SCARLET', 0, 0, 0, 0, 0, 0, 0, 1, 0, '2019-08-18 01:47:46', '2019-08-18 01:47:46', NULL, 'NO'),
(631, '20420002', '5', '4° A', NULL, 'PAINEO ARIAS', 'AYLIN TAMARA', 0, 0, 0, 0, 0, 0, 0, 1, 0, '2019-08-18 01:47:46', '2019-08-18 01:47:46', NULL, 'NO'),
(632, '20574646', '3', '4° A', NULL, 'LEIVA GONZÁLEZ', 'SACHARYN SAVKA', 0, 0, 0, 0, 0, 0, 0, 1, 0, '2019-08-18 01:47:46', '2019-08-18 01:47:46', NULL, 'NO'),
(633, '20420395', '4', '4° A', NULL, 'JARA VÁSQUEZ', 'MILLARAY MAITE', 0, 0, 0, 0, 0, 0, 0, 1, 0, '2019-08-18 01:47:46', '2019-08-18 01:47:46', NULL, 'NO'),
(634, '20847326', '3', '4° A', NULL, 'CARRASCO GONZÁLEZ', 'CATALINA DEL CARMEN', 0, 0, 0, 0, 0, 0, 0, 1, 0, '2019-08-18 01:47:46', '2019-08-18 01:47:46', NULL, 'NO'),
(635, '21061929', '1', '4° A', NULL, 'ASTUDILLO DÍAZ', 'ESTIVALY TRINIDAD', 0, 0, 0, 0, 0, 0, 0, 1, 0, '2019-08-18 01:47:46', '2019-08-18 01:47:46', NULL, 'NO'),
(636, '20188749', '6', '4° A', NULL, 'MUÑOZ ROMERO', 'CATHERINE PATRICIA', 0, 0, 0, 0, 0, 0, 0, 1, 0, '2019-08-18 01:47:46', '2019-08-18 01:47:46', NULL, 'NO'),
(637, '20420741', '0', '4° A', NULL, 'QUINTEROS MACHUCA', 'VALENTINA TAIS', 0, 0, 0, 0, 0, 0, 0, 1, 0, '2019-08-18 01:47:46', '2019-08-18 01:47:46', NULL, 'NO'),
(638, '20915987', '2', '4° A', NULL, 'PAILLACÁN ALONSO', 'VALENTINA ALEXANDRA', 0, 0, 0, 0, 0, 0, 0, 1, 0, '2019-08-18 01:47:46', '2019-08-18 01:47:46', NULL, 'NO'),
(639, '20636950', '7', '4° A', NULL, 'ORELLANA REYES', 'GALA AMAPOLA', 0, 0, 0, 0, 0, 0, 0, 1, 0, '2019-08-18 01:47:46', '2019-08-18 01:47:46', NULL, 'NO'),
(640, '20962274', '2', '4° A', NULL, 'JIMÉNEZ SOTO', 'ESCARLETT STEFANNY', 0, 0, 0, 0, 0, 0, 0, 1, 0, '2019-08-18 01:47:46', '2019-08-18 01:47:46', NULL, 'NO'),
(641, '20574256', '5', '4° A', NULL, 'VELÁSQUEZ VICENCIO', 'DANIELA FRANCISCA', 0, 0, 0, 0, 0, 0, 0, 1, 0, '2019-08-18 01:47:46', '2019-08-18 01:47:46', NULL, 'NO'),
(642, '20615271', '0', '4° A', NULL, 'DÍAZ BÓRQUEZ', 'ARACELY SCARLETT', 0, 0, 0, 0, 0, 0, 0, 1, 0, '2019-08-18 01:47:46', '2019-08-18 01:47:46', NULL, 'NO'),
(643, '20405165', '8', '4° A', NULL, 'GONZÁLEZ ALIANTE', 'KATHERINE VALESKA', 0, 0, 0, 0, 0, 0, 0, 1, 0, '2019-08-18 01:47:46', '2019-08-18 01:47:46', NULL, 'NO'),
(644, '20794583', '8', '4° A', NULL, 'PINCHEIRA TRECANAHUEL', 'CINTHIA PATRICIA', 0, 0, 0, 0, 0, 0, 0, 1, 0, '2019-08-18 01:47:46', '2019-08-18 01:47:46', NULL, 'NO'),
(645, '20815536', '9', '4° A', NULL, 'FERNÁNDEZ MUÑOZ', 'NATALIA MAMNAMARA', 0, 0, 0, 0, 0, 0, 0, 1, 0, '2019-08-18 01:47:46', '2019-08-18 01:47:46', NULL, 'NO'),
(646, '20449909', '8', '4° A', NULL, 'SEPÚLVEDA HUECHE', 'JAVIERA ABRIL', 0, 0, 0, 0, 0, 0, 0, 1, 0, '2019-08-18 01:47:46', '2019-08-18 01:47:46', NULL, 'NO'),
(647, '20789825', '2', '4° A', NULL, 'RIVAS MOYA', 'DENISSE CRISTAL', 0, 0, 0, 0, 0, 0, 0, 1, 0, '2019-08-18 01:47:46', '2019-08-18 01:47:46', NULL, 'NO'),
(648, '20579141', '8', '4° A', NULL, 'REYES ORTIZ', 'FERNANDA BELÉN', 0, 0, 0, 0, 0, 0, 0, 1, 0, '2019-08-18 01:47:46', '2019-08-18 01:47:46', NULL, 'NO'),
(649, '20640303', '9', '4° A', NULL, 'REY CORNEJO', 'DANAE NOELIA', 0, 0, 0, 0, 0, 0, 0, 1, 0, '2019-08-18 01:47:46', '2019-08-18 01:47:46', NULL, 'NO'),
(650, '20947483', '2', '4° A', NULL, 'LEYTON GUERRA', 'ESTEFANÍA BELÉN', 0, 0, 0, 0, 0, 0, 0, 1, 0, '2019-08-18 01:47:46', '2019-08-18 01:47:46', NULL, 'NO'),
(651, '20404451', '1', '4° A', NULL, 'SANTIBÁÑEZ MUÑOZ', 'JAZMÍN VALESKA', 0, 0, 0, 0, 0, 0, 0, 1, 0, '2019-08-18 01:47:46', '2019-08-18 01:47:46', NULL, 'NO'),
(652, '20916604', '6', '4° A', NULL, 'MUÑOZ PEÑA', 'GENESIS DANAE', 0, 0, 0, 0, 0, 0, 0, 1, 0, '2019-08-18 01:47:46', '2019-08-18 01:47:46', NULL, 'NO'),
(653, '21011412', '2', '4° B', NULL, 'VALDÉS VERGARA', 'VALENTINA DAYAN', 0, 0, 0, 0, 0, 0, 0, 1, 0, '2019-08-18 01:47:46', '2019-08-18 01:47:46', NULL, 'NO'),
(654, '26547861', '1', '4° B', NULL, 'VASQUEZ MEDINA', 'KATERINE LIZETH', 0, 0, 0, 0, 0, 0, 0, 1, 0, '2019-08-18 01:47:46', '2019-08-18 01:47:46', NULL, 'NO'),
(655, '20670965', '0', '4° B', NULL, 'LAVÍN IBARRA', 'MARIANA JESÚS', 0, 0, 0, 0, 0, 0, 0, 1, 0, '2019-08-18 01:47:46', '2019-08-18 01:47:46', NULL, 'NO'),
(656, '20206144', '3', '4° B', NULL, 'QUIJADA CORTÉS', 'MARION PAZ', 0, 0, 0, 0, 0, 0, 0, 1, 0, '2019-08-18 01:47:46', '2019-08-18 01:47:46', NULL, 'NO'),
(657, '20722321', '2', '4° B', NULL, 'TRONCOSO REYES', 'MELISSA ALEJANDRA', 0, 0, 0, 0, 0, 0, 0, 1, 0, '2019-08-18 01:47:46', '2019-08-18 01:47:46', NULL, 'NO'),
(658, '20965227', '7', '4° B', NULL, 'ARAYA SÁNCHEZ', 'JAVIERA IGNACIA', 0, 0, 0, 0, 0, 0, 0, 1, 0, '2019-08-18 01:47:46', '2019-08-18 01:47:46', NULL, 'NO'),
(659, '20206026', '9', '4° B', NULL, 'ESTRADA RODRÍGUEZ', 'CATALINA ANDREA', 0, 0, 0, 0, 0, 0, 0, 1, 0, '2019-08-18 01:47:46', '2019-08-18 01:47:46', NULL, 'NO'),
(660, '20599334', '7', '4° B', NULL, 'LÓPEZ PONCE', 'GENESIS TAMARA', 0, 0, 0, 0, 0, 0, 0, 1, 0, '2019-08-18 01:47:46', '2019-08-18 01:47:46', NULL, 'NO'),
(661, '20192198', '8', '4° B', NULL, 'MOYANO FUENZALIDA', 'NAYARET GRICETT', 0, 0, 0, 0, 0, 0, 0, 1, 0, '2019-08-18 01:47:46', '2019-08-18 01:47:46', NULL, 'NO'),
(662, '20388416', '8', '4° B', NULL, 'PICHULMÁN GALLARDO', 'ANDREA CECILIA', 0, 0, 0, 0, 0, 0, 0, 1, 0, '2019-08-18 01:47:46', '2019-08-18 01:47:46', NULL, 'NO'),
(663, '20671491', '3', '4° B', NULL, 'SAAVEDRA BUSTOS', 'ALEJANDRA BELÉN', 0, 0, 0, 0, 0, 0, 0, 1, 0, '2019-08-18 01:47:46', '2019-08-18 01:47:46', NULL, 'NO'),
(664, '20635794', '0', '4° B', NULL, 'LORCA ARANCIBIA', 'SCARLETT NICOLE', 0, 0, 0, 0, 0, 0, 0, 1, 0, '2019-08-18 01:47:46', '2019-08-18 01:47:46', NULL, 'NO'),
(665, '20940682', '9', '4° B', NULL, 'GONZÁLEZ JORQUERA', 'MARÍA ELENA DE JESÚS', 0, 0, 0, 0, 0, 0, 0, 1, 0, '2019-08-18 01:47:46', '2019-08-18 01:47:46', NULL, 'NO'),
(666, '20579387', '9', '4° B', NULL, 'BASAURE NICUMAN', 'DEYANIRA BETSABÉ', 0, 0, 0, 0, 0, 0, 0, 1, 0, '2019-08-18 01:47:46', '2019-08-18 01:47:46', NULL, 'NO'),
(667, '20812034', '4', '4° B', NULL, 'CÁCERES CALFUQUEO', 'FABIOLA ELIZABETH', 0, 0, 0, 0, 0, 0, 0, 1, 0, '2019-08-18 01:47:46', '2019-08-18 01:47:46', NULL, 'NO'),
(668, '20814323', '9', '4° B', NULL, 'MIRANDA MONTECINOS', 'CATALINA ALEXANDRA', 0, 0, 0, 0, 0, 0, 0, 1, 0, '2019-08-18 01:47:46', '2019-08-18 01:47:46', NULL, 'NO'),
(669, '20451107', '1', '4° B', NULL, 'ASTUDILLO MUÑOZ', 'DAYANA STEFANI', 0, 0, 0, 0, 0, 0, 0, 1, 0, '2019-08-18 01:47:46', '2019-08-18 01:47:46', NULL, 'NO'),
(670, '20931294', '8', '4° B', NULL, 'MUÑOZ ACOSTA', 'ASLEY BELÉN', 0, 0, 0, 0, 0, 0, 0, 1, 0, '2019-08-18 01:47:46', '2019-08-18 01:47:46', NULL, 'NO'),
(671, '20931073', '2', '4° B', NULL, 'CORREA OLEA', 'NAYARETH YASMÍN', 0, 0, 0, 0, 0, 0, 0, 1, 0, '2019-08-18 01:47:46', '2019-08-18 01:47:46', NULL, 'NO'),
(672, '20615159', '5', '4° B', NULL, 'FLORES LIENDO', 'FERNANDA STEPHANIA', 0, 0, 0, 0, 0, 0, 0, 1, 0, '2019-08-18 01:47:46', '2019-08-18 01:47:46', NULL, 'NO'),
(673, '20574304', '9', '4° B', NULL, 'PALMA GUERINO', 'VALENTINA NICOLE', 0, 0, 0, 0, 0, 0, 0, 1, 0, '2019-08-18 01:47:46', '2019-08-18 01:47:46', NULL, 'NO'),
(674, '20922975', '7', '4° B', NULL, 'CANTILLANA SALINAS', 'MACARENA PAZ', 0, 0, 0, 0, 0, 0, 0, 1, 0, '2019-08-18 01:47:46', '2019-08-18 01:47:46', NULL, 'NO'),
(675, '20576677', '4', '4° B', NULL, 'PLACENCIO ALCAÍNO', 'SIBONEY ANDREA', 0, 0, 0, 0, 0, 0, 0, 1, 0, '2019-08-18 01:47:46', '2019-08-18 01:47:46', NULL, 'NO'),
(676, '20948467', '6', '4° B', NULL, 'VELÁSQUEZ SUÁREZ', 'PAOLA SCARLET', 0, 0, 0, 0, 0, 0, 0, 1, 0, '2019-08-18 01:47:46', '2019-08-18 01:47:46', NULL, 'NO'),
(677, '20627098', '5', '4° B', NULL, 'PÉREZ JEREZ', 'JAVIERA SCARLET', 0, 0, 0, 0, 0, 0, 0, 1, 0, '2019-08-18 01:47:46', '2019-08-18 01:47:46', NULL, 'NO'),
(678, '20395579', '0', '4° B', NULL, 'SALAZAR CÓRDOVA', 'FRANCESCA MICHELLE', 0, 0, 0, 0, 0, 0, 0, 1, 0, '2019-08-18 01:47:46', '2019-08-18 01:47:46', NULL, 'NO'),
(679, '20762842', '5', '4° B', NULL, 'FLORES CONTRERAS', 'KRISHNA ALEJANDRA', 0, 0, 0, 0, 0, 0, 0, 1, 0, '2019-08-18 01:47:46', '2019-08-18 01:47:46', NULL, 'NO'),
(680, '20575012', '6', '4° B', NULL, 'LLANOS LEMUS', 'DANITZA ANDREA', 0, 0, 0, 0, 0, 0, 0, 1, 0, '2019-08-18 01:47:46', '2019-08-18 01:47:46', NULL, 'NO'),
(681, '20192224', '0', '4° B', NULL, 'VILLEGAS SÁNCHEZ', 'VICTORIA ANDREA', 0, 0, 0, 0, 0, 0, 0, 1, 0, '2019-08-18 01:47:46', '2019-08-18 01:47:46', NULL, 'NO'),
(682, '20145737', '8', '4° B', NULL, 'DONOSO RODRIGUEZ', 'NICOLE ALEJANDRA', 0, 0, 0, 0, 0, 0, 0, 1, 0, '2019-08-18 01:47:46', '2019-08-18 01:47:46', NULL, 'NO'),
(683, '20559603', '8', '4° B', NULL, 'JARA MANQUIÁN', 'PAZ BELÉN', 0, 0, 0, 0, 0, 0, 0, 1, 0, '2019-08-18 01:47:46', '2019-08-18 01:47:46', NULL, 'NO'),
(684, '20451854', '8', '4° B', NULL, 'GUZMÁN BRAVO', 'KARISHMA CHARLOTTE', 0, 0, 0, 0, 0, 0, 0, 1, 0, '2019-08-18 01:47:46', '2019-08-18 01:47:46', NULL, 'NO'),
(685, '21006044', '8', '4° B', NULL, 'MAIRA CARREÑO', 'NOELIA KATHERINE', 0, 0, 0, 0, 0, 0, 0, 1, 0, '2019-08-18 01:47:46', '2019-08-18 01:47:46', NULL, 'NO'),
(686, '20616056', 'K', '4° B', NULL, 'ÁLVAREZ PAREDES', 'ELIZABETH DANIELA', 0, 0, 0, 0, 0, 0, 0, 1, 0, '2019-08-18 01:47:46', '2019-08-18 01:47:46', NULL, 'NO'),
(687, '20596452', '5', '4° B', NULL, 'MOLINA VÁSQUEZ', 'PAOLA ANDREA', 0, 0, 0, 0, 0, 0, 0, 1, 0, '2019-08-18 01:47:46', '2019-08-18 01:47:46', NULL, 'NO'),
(688, '100427403', '9', '4° C', NULL, 'CASTILLO VERGARA', 'ALEXANDRA PAMELA', 0, 0, 0, 0, 0, 0, 0, 1, 0, '2019-08-18 01:47:46', '2019-08-18 01:47:46', NULL, 'NO'),
(689, '20976409', '1', '4° C', NULL, 'LENI FLORES', 'KARINA DEL CARMEN', 0, 0, 0, 0, 0, 0, 0, 1, 0, '2019-08-18 01:47:46', '2019-08-18 01:47:46', NULL, 'NO'),
(690, '20206877', '4', '4° C', NULL, 'JIMÉNEZ RAÑIMAN', 'VALENTINA SOLEDAD', 0, 0, 0, 0, 0, 0, 0, 1, 0, '2019-08-18 01:47:46', '2019-08-18 01:47:46', NULL, 'NO'),
(691, '20713383', '3', '4° C', NULL, 'CONTRERAS FERNÁNDEZ', 'NATALIA LISSETTE', 0, 0, 0, 0, 0, 0, 0, 1, 0, '2019-08-18 01:47:46', '2019-08-18 01:47:46', NULL, 'NO'),
(692, '20712707', '8', '4° C', NULL, 'CARREÑO SILVA', 'VALENTINA ALEJANDRA', 0, 0, 0, 0, 0, 0, 0, 1, 0, '2019-08-18 01:47:46', '2019-08-18 01:47:46', NULL, 'NO'),
(693, '20973343', '9', '4° C', NULL, 'BRIZUELA DÍAZ', 'JAVIERA FERNANDA', 0, 0, 0, 0, 0, 0, 0, 1, 0, '2019-08-18 01:47:46', '2019-08-18 01:47:46', NULL, 'NO'),
(694, '20576597', '2', '4° C', NULL, 'GUAJARDO GONZÁLEZ', 'CONSTANZA ANDREA', 0, 0, 0, 0, 0, 0, 0, 1, 0, '2019-08-18 01:47:46', '2019-08-18 01:47:46', NULL, 'NO'),
(695, '20420560', '4', '4° C', NULL, 'SAAVEDRA ADRIAZOLA', 'MARÍA FERNANDA AYLIN', 0, 0, 0, 0, 0, 0, 0, 1, 0, '2019-08-18 01:47:46', '2019-08-18 01:47:46', NULL, 'NO'),
(696, '20379928', '4', '4° C', NULL, 'SALDAÑA CASTILLO', 'PALOMA SCARLETT', 0, 0, 0, 0, 0, 0, 0, 1, 0, '2019-08-18 01:47:46', '2019-08-18 01:47:46', NULL, 'NO'),
(697, '20814151', '1', '4° C', NULL, 'MONTECINO ROJAS', 'CONSTANZA ANDREA', 0, 0, 0, 0, 0, 0, 0, 1, 0, '2019-08-18 01:47:46', '2019-08-18 01:47:46', NULL, 'NO'),
(698, '20668204', '3', '4° C', NULL, 'GUERRA MARTÍNEZ', 'JAVIERA CONSTANZA', 0, 0, 0, 0, 0, 0, 0, 1, 0, '2019-08-18 01:47:46', '2019-08-18 01:47:46', NULL, 'NO'),
(699, '20421337', '2', '4° C', NULL, 'URREJOLA HUENCHO', 'FERNANDA ELENA', 0, 0, 0, 0, 0, 0, 0, 1, 0, '2019-08-18 01:47:46', '2019-08-18 01:47:46', NULL, 'NO'),
(700, '20192069', '8', '4° C', NULL, 'BASUALTO GONZÁLEZ', 'NOELIA BELÉN', 0, 0, 0, 0, 0, 0, 0, 1, 0, '2019-08-18 01:47:46', '2019-08-18 01:47:46', NULL, 'NO');
INSERT INTO `alumnas` (`id`, `rut`, `digito`, `curso`, `letra`, `apellidos`, `nombres`, `d_or`, `d_psic`, `d_vsoc`, `d_cesc`, `d_egest`, `d_ter`, `d_edif`, `condicion`, `tipoalumno`, `created_at`, `updated_at`, `fecharetiro`, `atendido`) VALUES
(701, '20573653', '0', '4° C', NULL, 'BAYOTORO BRIONES', 'ALEJANDRA CARLINA', 0, 0, 0, 0, 0, 0, 0, 1, 0, '2019-08-18 01:47:46', '2019-08-18 01:47:46', NULL, 'NO'),
(702, '20391637', 'K', '4° C', NULL, 'CANCINO GUTIÉRREZ', 'DAHYRAT MARCELA', 0, 0, 0, 0, 0, 0, 0, 1, 0, '2019-08-18 01:47:46', '2019-08-18 01:47:46', NULL, 'NO'),
(703, '20836227', '5', '4° C', NULL, 'MORALES URIBE', 'JAVIERA ESCARLETTE', 0, 0, 0, 0, 0, 0, 0, 1, 0, '2019-08-18 01:47:46', '2019-08-18 01:47:46', NULL, 'NO'),
(704, '22156243', '7', '4° C', NULL, 'TUMBAJULCA YBAÑEZ', 'CORY YARUMI', 0, 0, 0, 0, 0, 0, 0, 1, 0, '2019-08-18 01:47:46', '2019-08-18 01:47:46', NULL, 'NO'),
(705, '20577213', '8', '4° C', NULL, 'INOSTROZA BLEY', 'DANIELA ANGELINA', 0, 0, 0, 0, 0, 0, 0, 1, 0, '2019-08-18 01:47:46', '2019-08-18 01:47:46', NULL, 'NO'),
(706, '20576081', '4', '4° C', NULL, 'MOYANO MUÑOZ', 'VALENTINA ANDREA', 0, 0, 0, 0, 0, 0, 0, 1, 0, '2019-08-18 01:47:46', '2019-08-18 01:47:46', NULL, 'NO'),
(707, '20599206', '5', '4° C', NULL, 'CAAMAÑO FLORES', 'VALENTINA DANAE', 0, 0, 0, 0, 0, 0, 0, 1, 0, '2019-08-18 01:47:46', '2019-08-18 01:47:46', NULL, 'NO'),
(708, '20781280', '3', '4° C', NULL, 'CONTRERAS SEPÚLVEDA', 'VANIA ALEJANDRA', 0, 0, 0, 0, 0, 0, 0, 1, 0, '2019-08-18 01:47:46', '2019-08-18 01:47:46', NULL, 'NO'),
(709, '20613783', '5', '4° C', NULL, 'INOSTROZA INOSTROZA', 'JAVIERA ARLEN', 0, 0, 0, 0, 0, 0, 0, 1, 0, '2019-08-18 01:47:46', '2019-08-18 01:47:46', NULL, 'NO'),
(710, '20614255', '3', '4° C', NULL, 'HUANQUI BASTÍAS', 'MARÍA TERESA DE LOS ANGELES', 0, 0, 0, 0, 0, 0, 0, 1, 0, '2019-08-18 01:47:46', '2019-08-18 01:47:46', NULL, 'NO'),
(711, '20448376', '0', '4° C', NULL, 'SALINAS PARDO', 'CATALINA NICOL', 0, 0, 0, 0, 0, 0, 0, 1, 0, '2019-08-18 01:47:46', '2019-08-18 01:47:46', NULL, 'NO'),
(712, '20730929', 'K', '4° C', NULL, 'GUTIÉRREZ CASTRO', 'BÁRBARA JAVIERA', 0, 0, 0, 0, 0, 0, 0, 1, 0, '2019-08-18 01:47:46', '2019-08-18 01:47:46', NULL, 'NO'),
(713, '22605677', '7', '4° C', NULL, 'ABARCA TORO', 'JAVIERA MARINA', 0, 0, 0, 0, 0, 0, 0, 1, 0, '2019-08-18 01:47:46', '2019-08-18 01:47:46', NULL, 'NO'),
(714, '20951415', 'K', '4° D', NULL, 'CUEVAS CORTÉS', 'IGNACIA PAZ', 0, 0, 0, 0, 0, 0, 0, 1, 0, '2019-08-18 01:47:46', '2019-08-18 01:47:46', NULL, 'NO'),
(715, '20974013', '3', '4° D', NULL, 'INDA HENRÍQUEZ', 'BÁRBARA EMILIA', 0, 0, 0, 0, 0, 0, 0, 1, 0, '2019-08-18 01:47:46', '2019-08-18 01:47:46', NULL, 'NO'),
(716, '20597923', '9', '4° D', NULL, 'BESALDUCH CHÁVEZ', 'LIXZY SCARLETT', 0, 0, 0, 0, 0, 0, 0, 1, 0, '2019-08-18 01:47:46', '2019-08-18 01:47:46', NULL, 'NO'),
(717, '20553389', '3', '4° D', NULL, 'AVENDAÑO TORO', 'CAMILA ANDREA', 0, 0, 0, 0, 0, 0, 0, 1, 0, '2019-08-18 01:47:46', '2019-08-18 01:47:46', NULL, 'NO'),
(718, '25929946', '2', '4° D', NULL, 'ORDOSGOITTI MORALES', 'FABIANA ANDREINA', 0, 0, 0, 0, 0, 0, 0, 1, 0, '2019-08-18 01:47:46', '2019-08-18 01:47:46', NULL, 'NO'),
(719, '20722012', '4', '4° D', NULL, 'DEVIA SÁNCHEZ', 'CONSTANZA CAROLINA', 0, 0, 0, 0, 0, 0, 0, 1, 0, '2019-08-18 01:47:46', '2019-08-18 01:47:46', NULL, 'NO'),
(720, '20614772', '5', '4° D', NULL, 'AGUILERA RIQUELME', 'VICTORIA DE LOS ANGELES', 0, 0, 0, 0, 0, 0, 0, 1, 0, '2019-08-18 01:47:46', '2019-08-18 01:47:46', NULL, 'NO'),
(721, '20448773', '1', '4° D', NULL, 'GARCÍA MUÑOZ', 'ARACELLY MAGDALENA', 0, 0, 0, 0, 0, 0, 0, 1, 0, '2019-08-18 01:47:46', '2019-08-18 01:47:46', NULL, 'NO'),
(722, '20574584', 'K', '4° D', NULL, 'ERAZO CÓRDOVA', 'BERENICE ALEXANDRA', 0, 0, 0, 0, 0, 0, 0, 1, 0, '2019-08-18 01:47:46', '2019-08-18 01:47:46', NULL, 'NO'),
(723, '20919874', '6', '4° D', NULL, 'LEIVA RETAMAL', 'EDITH STEPHANIE', 0, 0, 0, 0, 0, 0, 0, 1, 0, '2019-08-18 01:47:46', '2019-08-18 01:47:46', NULL, 'NO'),
(724, '20790741', '3', '4° D', NULL, 'RIVERA ARCOS', 'CONSTANZA RAFFAELLA', 0, 0, 0, 0, 0, 0, 0, 1, 0, '2019-08-18 01:47:46', '2019-08-18 01:47:46', NULL, 'NO'),
(725, '20575113', '0', '4° D', NULL, 'MILLALÉN ÁLVAREZ', 'CAROLINA GREYS', 0, 0, 0, 0, 0, 0, 0, 1, 0, '2019-08-18 01:47:46', '2019-08-18 01:47:46', NULL, 'NO'),
(726, '20574267', '0', '4° D', NULL, 'MUÑOZ CORRALES', 'JENNIFER KIMBERLY', 0, 0, 0, 0, 0, 0, 0, 1, 0, '2019-08-18 01:47:46', '2019-08-18 01:47:46', NULL, 'NO'),
(727, '20471320', '0', '4° D', NULL, 'GONZÁLEZ MONTECINOS', 'GUISELLA EMMYLINE', 0, 0, 0, 0, 0, 0, 0, 1, 0, '2019-08-18 01:47:46', '2019-08-18 01:47:46', NULL, 'NO'),
(728, '20597725', '2', '4° D', NULL, 'SOTO MOYA', 'TAMARA INÉS', 0, 0, 0, 0, 0, 0, 0, 1, 0, '2019-08-18 01:47:46', '2019-08-18 01:47:46', NULL, 'NO'),
(729, '20535339', '9', '4° D', NULL, 'ALARCÓN SANTOS', 'ANTONIA JAVIERA', 0, 0, 0, 0, 0, 0, 0, 1, 0, '2019-08-18 01:47:46', '2019-08-18 01:47:46', NULL, 'NO'),
(730, '20146071', '9', '4° D', NULL, 'SILVA PALOMINO', 'MARION FRANCESCA', 0, 0, 0, 0, 0, 0, 0, 1, 0, '2019-08-18 01:47:46', '2019-08-18 01:47:46', NULL, 'NO'),
(731, '20147360', '8', '4° D', NULL, 'NAVARRO GUTIÉRREZ', 'ENGEL VAITIARE', 0, 0, 0, 0, 0, 0, 0, 1, 0, '2019-08-18 01:47:46', '2019-08-18 01:47:46', NULL, 'NO'),
(732, '20614566', '8', '4° D', NULL, 'PACHECO FONCEA', 'SILVANA ESTRELLA', 0, 0, 0, 0, 0, 0, 0, 1, 0, '2019-08-18 01:47:46', '2019-08-18 01:47:46', NULL, 'NO'),
(733, '20964156', '9', '4° D', NULL, 'CISTERNAS VARELA', 'CAMILA CONSTANZA', 0, 0, 0, 0, 0, 0, 0, 1, 0, '2019-08-18 01:47:46', '2019-08-18 01:47:46', NULL, 'NO'),
(734, '20574626', '9', '4° D', NULL, 'RIVADENEIRA KRUGER', 'KIMBERLY MARLENE', 0, 0, 0, 0, 0, 0, 0, 1, 0, '2019-08-18 01:47:46', '2019-08-18 01:47:46', NULL, 'NO'),
(735, '20614855', '1', '4° D', NULL, 'ALARCÓN FERNÁNDEZ', 'VICTORIA ANDREA', 0, 0, 0, 0, 0, 0, 0, 1, 0, '2019-08-18 01:47:46', '2019-08-18 01:47:46', NULL, 'NO'),
(736, '21023312', '1', '4° D', NULL, 'BURGOS MORALES', 'ABISH RAYEN', 0, 0, 0, 0, 0, 0, 0, 1, 0, '2019-08-18 01:47:46', '2019-08-18 01:47:46', NULL, 'NO'),
(737, '20904288', '6', '4° D', NULL, 'ROJAS CÁRCAMO', 'ROXANA ALEJANDRA', 0, 0, 0, 0, 0, 0, 0, 1, 0, '2019-08-18 01:47:46', '2019-08-18 01:47:46', NULL, 'NO'),
(738, '20668488', '7', '4° D', NULL, 'GAJARDO DÍAZ', 'ANTONIA ELENA', 0, 0, 0, 0, 0, 0, 0, 1, 0, '2019-08-18 01:47:46', '2019-08-18 01:47:46', NULL, 'NO'),
(739, '20400683', '0', '4° D', NULL, 'ZÚÑIGA SALGADO', 'YULISA DEL PILAR', 0, 0, 0, 0, 0, 0, 0, 1, 0, '2019-08-18 01:47:46', '2019-08-18 01:47:46', NULL, 'NO'),
(740, '20245918', '8', '4° E', NULL, 'FUENTES DUEÑAS', 'JAVIERA ALEJANDRA', 0, 0, 0, 0, 0, 0, 0, 1, 0, '2019-08-18 01:47:46', '2019-08-18 01:47:46', NULL, 'NO'),
(741, '100365645', '0', '4° E', NULL, 'VIDAL UPEGUI', 'KAROL ANDREA', 0, 0, 0, 0, 0, 0, 0, 1, 0, '2019-08-18 01:47:46', '2019-08-18 01:47:46', NULL, 'NO'),
(742, '20838845', '2', '4° E', NULL, 'CONTRERAS AYUB', 'PATRICIA ALEJANDRA', 0, 0, 0, 0, 0, 0, 0, 1, 0, '2019-08-18 01:47:46', '2019-08-18 01:47:46', NULL, 'NO'),
(743, '20975054', '6', '4° E', NULL, 'BRIONES GONZÁLEZ', 'KARLA IVETTE', 0, 0, 0, 0, 0, 0, 0, 1, 0, '2019-08-18 01:47:46', '2019-08-18 01:47:46', NULL, 'NO'),
(744, '20950651', '3', '4° E', NULL, 'PALMA ARANEDA', 'MEYLING NAYARA', 0, 0, 0, 0, 0, 0, 0, 1, 0, '2019-08-18 01:47:46', '2019-08-18 01:47:46', NULL, 'NO'),
(745, '20401551', '1', '4° E', NULL, 'VIDAL ROJAS', 'DEYANIRA ALEJANDRA', 0, 0, 0, 0, 0, 0, 0, 1, 0, '2019-08-18 01:47:46', '2019-08-18 01:47:46', NULL, 'NO'),
(746, '20844894', '3', '4° E', NULL, 'VÁSQUEZ ELGUETA', 'JAVIERA BELÉN', 0, 0, 0, 0, 0, 0, 0, 1, 0, '2019-08-18 01:47:46', '2019-08-18 01:47:46', NULL, 'NO'),
(747, '19779632', '4', '4° E', NULL, 'BOLADOS UMAÑA', 'THIARE SOLANGE', 0, 0, 0, 0, 0, 0, 0, 1, 0, '2019-08-18 01:47:46', '2019-08-18 01:47:46', NULL, 'NO'),
(748, '20790213', '6', '4° E', NULL, 'DÍAZ MARTÍNEZ', 'FRANCISCA ARACELY', 0, 0, 0, 0, 0, 0, 0, 1, 0, '2019-08-18 01:47:46', '2019-08-18 01:47:46', NULL, 'NO'),
(749, '20450498', '9', '4° E', NULL, 'LAGOS GONZÁLEZ', 'VIOLETA ADA', 0, 0, 0, 0, 0, 0, 0, 1, 0, '2019-08-18 01:47:46', '2019-08-18 01:47:46', NULL, 'NO'),
(750, '20790930', '0', '4° E', NULL, 'CANCINO SALAZAR', 'CONSTANZA VIVIANA', 0, 0, 0, 0, 0, 0, 0, 1, 0, '2019-08-18 01:47:46', '2019-08-18 01:47:46', NULL, 'NO'),
(751, '20576464', 'K', '4° E', NULL, 'MUÑOZ DÍAZ', 'NATALIA GENESIS', 0, 0, 0, 0, 0, 0, 0, 1, 0, '2019-08-18 01:47:46', '2019-08-18 01:47:46', NULL, 'NO'),
(752, '20575982', '4', '4° E', NULL, 'GALARCE VALENZUELA', 'MELISSA ANASOL', 0, 0, 0, 0, 0, 0, 0, 1, 0, '2019-08-18 01:47:46', '2019-08-18 01:47:46', NULL, 'NO'),
(753, '21027082', '5', '4° E', NULL, 'PINO VILLAR', 'ESCARLET ANGELA', 0, 0, 0, 0, 0, 0, 0, 1, 0, '2019-08-18 01:47:46', '2019-08-18 01:47:46', NULL, 'NO'),
(754, '20989140', '9', '4° E', NULL, 'TORO GONZÁLEZ', 'CATALINA ANTONIA', 0, 0, 0, 0, 0, 0, 0, 1, 0, '2019-08-18 01:47:46', '2019-08-18 01:47:46', NULL, 'NO'),
(755, '20967506', '4', '4° E', NULL, 'TELLO NÚÑEZ', 'BELÉN VICTORIA', 0, 0, 0, 0, 0, 0, 0, 1, 0, '2019-08-18 01:47:46', '2019-08-18 01:47:46', NULL, 'NO'),
(756, '20163086', 'K', '4° E', NULL, 'ALVARADO MATAMALA', 'MARÍA LEONOR', 0, 0, 0, 0, 0, 0, 0, 1, 0, '2019-08-18 01:47:46', '2019-08-18 01:47:46', NULL, 'NO'),
(757, '20990986', '3', '4° E', NULL, 'ORTIZ SALAS', 'SONIA PAZ DEL PILAR', 0, 0, 0, 0, 0, 0, 0, 1, 0, '2019-08-18 01:47:46', '2019-08-18 01:47:46', NULL, 'NO'),
(758, '20921756', '2', '4° E', NULL, 'RAMÍREZ SERRANO', 'JOSEFA CONSUELO', 0, 0, 0, 0, 0, 0, 0, 1, 0, '2019-08-18 01:47:46', '2019-08-18 01:47:46', NULL, 'NO'),
(759, '25252026', '0', '4° E', NULL, 'RIVERA JIMENEZ', 'LUISA MARÍA', 0, 0, 0, 0, 0, 0, 0, 1, 0, '2019-08-18 01:47:46', '2019-08-18 01:47:46', NULL, 'NO'),
(760, '20574005', '8', '4° E', NULL, 'ROJAS MELLA', 'FRANCISCA JAVIERA', 0, 0, 0, 0, 0, 0, 0, 1, 0, '2019-08-18 01:47:46', '2019-08-18 01:47:46', NULL, 'NO'),
(761, '20448923', '8', '4° E', NULL, 'MANRÍQUEZ DE LA CRUZ', 'CONSTANZA ROCÍO', 0, 0, 0, 0, 0, 0, 0, 1, 0, '2019-08-18 01:47:46', '2019-08-18 01:47:46', NULL, 'NO'),
(762, '20446512', '6', '4° E', NULL, 'VEGA HERNÁNDEZ', 'CATALINA ALEJANDRA', 0, 0, 0, 0, 0, 0, 0, 1, 0, '2019-08-18 01:47:46', '2019-08-18 01:47:46', NULL, 'NO'),
(763, '20829432', '6', '4° E', NULL, 'SALINAS TORO', 'FRANCHESCA IGNACIA', 0, 0, 0, 0, 0, 0, 0, 1, 0, '2019-08-18 01:47:46', '2019-08-18 01:47:46', NULL, 'NO'),
(764, '20961875', '3', '4° E', NULL, 'RAMÍREZ RIVEROS', 'KARINA NICOLE', 0, 0, 0, 0, 0, 0, 0, 1, 0, '2019-08-18 01:47:46', '2019-08-18 01:47:46', NULL, 'NO'),
(765, '20949132', 'K', '4° E', NULL, 'SALGADO BAEZ', 'NATALY TERESA', 0, 0, 0, 0, 0, 0, 0, 1, 0, '2019-08-18 01:47:46', '2019-08-18 01:47:46', NULL, 'NO'),
(766, '20595341', '8', '4° E', NULL, 'RAMOS MAUREIRA', 'CATALINA IGNACIA', 0, 0, 0, 0, 0, 0, 0, 1, 0, '2019-08-18 01:47:46', '2019-08-18 01:47:46', NULL, 'NO');

-- --------------------------------------------------------

--
-- Estructura de tabla para la tabla `convivencias`
--

CREATE TABLE `convivencias` (
  `id` bigint(20) UNSIGNED NOT NULL,
  `idalumna` bigint(20) UNSIGNED NOT NULL,
  `derivadopor` varchar(191) COLLATE utf8mb4_unicode_ci NOT NULL,
  `iddetalle` int(11) DEFAULT NULL,
  `Motivo` varchar(191) COLLATE utf8mb4_unicode_ci NOT NULL,
  `antecedentes` varchar(191) COLLATE utf8mb4_unicode_ci NOT NULL,
  `fechaderivacion` varchar(191) COLLATE utf8mb4_unicode_ci NOT NULL,
  `condicion` tinyint(1) NOT NULL DEFAULT '1',
  `created_at` timestamp NULL DEFAULT NULL,
  `updated_at` timestamp NULL DEFAULT NULL
) ENGINE=InnoDB DEFAULT CHARSET=utf8mb4 COLLATE=utf8mb4_unicode_ci;

-- --------------------------------------------------------

--
-- Estructura de tabla para la tabla `cursos`
--

CREATE TABLE `cursos` (
  `id` bigint(20) UNSIGNED NOT NULL,
  `curso` varchar(191) COLLATE utf8mb4_unicode_ci NOT NULL,
  `created_at` timestamp NULL DEFAULT NULL,
  `condicion` tinyint(1) NOT NULL,
  `updated_at` timestamp NULL DEFAULT NULL
) ENGINE=InnoDB DEFAULT CHARSET=utf8mb4 COLLATE=utf8mb4_unicode_ci;

--
-- Volcado de datos para la tabla `cursos`
--

INSERT INTO `cursos` (`id`, `curso`, `created_at`, `condicion`, `updated_at`) VALUES
(1, '1° A', '2019-08-15 21:19:10', 1, '2019-08-15 21:19:10'),
(2, '1° B', '2019-08-15 21:19:19', 1, '2019-08-15 21:19:19'),
(3, '1° C', '2019-08-15 21:19:39', 1, '2019-08-15 21:19:39'),
(4, '1° D', '2019-08-15 21:19:46', 1, '2019-08-15 21:19:46'),
(5, '1° E', '2019-08-15 21:19:53', 1, '2019-08-15 21:19:53'),
(6, '1° F', '2019-08-15 21:19:59', 1, '2019-08-15 21:19:59'),
(7, '2° A', '2019-08-15 21:20:13', 1, '2019-08-15 21:20:13'),
(8, '2° D', '2019-08-15 21:20:17', 1, '2019-08-15 21:20:17'),
(9, '2° B', '2019-08-15 21:20:24', 1, '2019-08-15 21:20:24'),
(10, '2° C', '2019-08-15 21:20:30', 1, '2019-08-15 21:20:30'),
(11, '2° E', '2019-08-15 21:20:37', 1, '2019-08-15 21:20:37'),
(12, '2° F', '2019-08-15 21:20:44', 1, '2019-08-15 21:20:44'),
(13, '3° A', '2019-08-15 21:20:59', 1, '2019-08-15 21:20:59'),
(14, '3° B', '2019-08-15 21:21:06', 1, '2019-08-15 21:21:06'),
(15, '3° C', '2019-08-15 21:21:12', 1, '2019-08-15 21:21:12'),
(16, '3° D', '2019-08-15 21:21:18', 0, '2019-08-15 21:23:05'),
(17, '3° E', '2019-08-15 21:21:22', 1, '2019-08-15 21:21:22'),
(18, '3° F', '2019-08-15 21:21:27', 1, '2019-08-15 21:21:27'),
(19, '3° G', '2019-08-15 21:21:37', 1, '2019-08-15 21:21:37'),
(20, '4° A', '2019-08-15 21:21:51', 1, '2019-08-15 21:21:51'),
(21, '4° B', '2019-08-15 21:21:56', 1, '2019-08-15 21:21:56'),
(22, '4° C', '2019-08-15 21:22:01', 1, '2019-08-15 21:22:01'),
(23, '4° D', '2019-08-15 21:22:06', 1, '2019-08-15 21:22:06'),
(24, '4° E', '2019-08-15 21:22:11', 1, '2019-08-15 21:22:11'),
(25, '4° F', '2019-08-15 21:22:25', 1, '2019-08-15 21:22:25'),
(26, '4° G', '2019-08-15 21:22:30', 1, '2019-08-15 21:22:30');

-- --------------------------------------------------------

--
-- Estructura de tabla para la tabla `det_convivencias`
--

CREATE TABLE `det_convivencias` (
  `id` bigint(20) UNSIGNED NOT NULL,
  `idorientadora` bigint(20) UNSIGNED NOT NULL,
  `fecha` date NOT NULL,
  `idalumna` int(11) NOT NULL,
  `observacion` varchar(191) COLLATE utf8mb4_unicode_ci NOT NULL,
  `visible` tinyint(1) NOT NULL,
  `created_at` timestamp NULL DEFAULT NULL,
  `updated_at` timestamp NULL DEFAULT NULL
) ENGINE=InnoDB DEFAULT CHARSET=utf8mb4 COLLATE=utf8mb4_unicode_ci;

-- --------------------------------------------------------

--
-- Estructura de tabla para la tabla `det_educadoras`
--

CREATE TABLE `det_educadoras` (
  `id` bigint(20) UNSIGNED NOT NULL,
  `idorientadora` bigint(20) UNSIGNED NOT NULL,
  `fecha` date NOT NULL,
  `idalumna` int(11) NOT NULL,
  `observacion` varchar(191) COLLATE utf8mb4_unicode_ci NOT NULL,
  `visible` tinyint(1) NOT NULL,
  `created_at` timestamp NULL DEFAULT NULL,
  `updated_at` timestamp NULL DEFAULT NULL
) ENGINE=InnoDB DEFAULT CHARSET=utf8mb4 COLLATE=utf8mb4_unicode_ci;

-- --------------------------------------------------------

--
-- Estructura de tabla para la tabla `det_equipos`
--

CREATE TABLE `det_equipos` (
  `id` bigint(20) UNSIGNED NOT NULL,
  `idorientadora` bigint(20) UNSIGNED NOT NULL,
  `fecha` date NOT NULL,
  `idalumna` int(11) NOT NULL,
  `observacion` varchar(191) COLLATE utf8mb4_unicode_ci NOT NULL,
  `visible` tinyint(1) NOT NULL,
  `created_at` timestamp NULL DEFAULT NULL,
  `updated_at` timestamp NULL DEFAULT NULL
) ENGINE=InnoDB DEFAULT CHARSET=utf8mb4 COLLATE=utf8mb4_unicode_ci;

-- --------------------------------------------------------

--
-- Estructura de tabla para la tabla `det_orientadoras`
--

CREATE TABLE `det_orientadoras` (
  `id` int(10) UNSIGNED NOT NULL,
  `idorientadora` int(10) UNSIGNED NOT NULL,
  `fecha` date NOT NULL,
  `idalumna` int(11) NOT NULL,
  `observacion` varchar(191) COLLATE utf8mb4_unicode_ci NOT NULL,
  `visible` tinyint(1) NOT NULL,
  `created_at` timestamp NULL DEFAULT NULL,
  `updated_at` timestamp NULL DEFAULT NULL
) ENGINE=InnoDB DEFAULT CHARSET=utf8mb4 COLLATE=utf8mb4_unicode_ci;

-- --------------------------------------------------------

--
-- Estructura de tabla para la tabla `det_psicologas`
--

CREATE TABLE `det_psicologas` (
  `id` bigint(20) UNSIGNED NOT NULL,
  `idorientadora` bigint(20) UNSIGNED NOT NULL,
  `fecha` date NOT NULL,
  `idalumna` int(11) NOT NULL,
  `observacion` varchar(191) COLLATE utf8mb4_unicode_ci NOT NULL,
  `visible` tinyint(1) NOT NULL,
  `created_at` timestamp NULL DEFAULT NULL,
  `updated_at` timestamp NULL DEFAULT NULL
) ENGINE=InnoDB DEFAULT CHARSET=utf8mb4 COLLATE=utf8mb4_unicode_ci;

-- --------------------------------------------------------

--
-- Estructura de tabla para la tabla `det_terapeutas`
--

CREATE TABLE `det_terapeutas` (
  `id` bigint(20) UNSIGNED NOT NULL,
  `idorientadora` bigint(20) UNSIGNED NOT NULL,
  `fecha` date NOT NULL,
  `idalumna` int(11) NOT NULL,
  `observacion` varchar(191) COLLATE utf8mb4_unicode_ci NOT NULL,
  `visible` tinyint(1) NOT NULL,
  `created_at` timestamp NULL DEFAULT NULL,
  `updated_at` timestamp NULL DEFAULT NULL
) ENGINE=InnoDB DEFAULT CHARSET=utf8mb4 COLLATE=utf8mb4_unicode_ci;

-- --------------------------------------------------------

--
-- Estructura de tabla para la tabla `det_visitadoras`
--

CREATE TABLE `det_visitadoras` (
  `id` bigint(20) UNSIGNED NOT NULL,
  `idorientadora` bigint(20) UNSIGNED NOT NULL,
  `fecha` date NOT NULL,
  `idalumna` int(11) NOT NULL,
  `observacion` varchar(191) COLLATE utf8mb4_unicode_ci NOT NULL,
  `visible` tinyint(1) NOT NULL,
  `created_at` timestamp NULL DEFAULT NULL,
  `updated_at` timestamp NULL DEFAULT NULL
) ENGINE=InnoDB DEFAULT CHARSET=utf8mb4 COLLATE=utf8mb4_unicode_ci;

-- --------------------------------------------------------

--
-- Estructura de tabla para la tabla `educadoras`
--

CREATE TABLE `educadoras` (
  `id` bigint(20) UNSIGNED NOT NULL,
  `idalumna` bigint(20) UNSIGNED NOT NULL,
  `derivadopor` varchar(191) COLLATE utf8mb4_unicode_ci NOT NULL,
  `iddetalle` int(11) DEFAULT NULL,
  `Motivo` varchar(191) COLLATE utf8mb4_unicode_ci NOT NULL,
  `antecedentes` varchar(191) COLLATE utf8mb4_unicode_ci NOT NULL,
  `fechaderivacion` varchar(191) COLLATE utf8mb4_unicode_ci NOT NULL,
  `condicion` tinyint(1) NOT NULL DEFAULT '1',
  `created_at` timestamp NULL DEFAULT NULL,
  `updated_at` timestamp NULL DEFAULT NULL
) ENGINE=InnoDB DEFAULT CHARSET=utf8mb4 COLLATE=utf8mb4_unicode_ci;

-- --------------------------------------------------------

--
-- Estructura de tabla para la tabla `equipos`
--

CREATE TABLE `equipos` (
  `id` bigint(20) UNSIGNED NOT NULL,
  `idalumna` bigint(20) UNSIGNED NOT NULL,
  `derivadopor` varchar(191) COLLATE utf8mb4_unicode_ci NOT NULL,
  `iddetalle` int(11) DEFAULT NULL,
  `Motivo` varchar(191) COLLATE utf8mb4_unicode_ci NOT NULL,
  `antecedentes` varchar(191) COLLATE utf8mb4_unicode_ci NOT NULL,
  `fechaderivacion` varchar(191) COLLATE utf8mb4_unicode_ci NOT NULL,
  `condicion` tinyint(1) NOT NULL DEFAULT '1',
  `created_at` timestamp NULL DEFAULT NULL,
  `updated_at` timestamp NULL DEFAULT NULL
) ENGINE=InnoDB DEFAULT CHARSET=utf8mb4 COLLATE=utf8mb4_unicode_ci;

-- --------------------------------------------------------

--
-- Estructura de tabla para la tabla `migrations`
--

CREATE TABLE `migrations` (
  `id` int(10) UNSIGNED NOT NULL,
  `migration` varchar(191) COLLATE utf8mb4_unicode_ci NOT NULL,
  `batch` int(11) NOT NULL
) ENGINE=InnoDB DEFAULT CHARSET=utf8mb4 COLLATE=utf8mb4_unicode_ci;

--
-- Volcado de datos para la tabla `migrations`
--

INSERT INTO `migrations` (`id`, `migration`, `batch`) VALUES
(2, '2014_10_12_100000_create_password_resets_table', 1),
(3, '2019_04_19_193416_create_categorias_table', 1),
(4, '2019_04_23_144436_create_alumnas_table', 1),
(5, '2019_04_23_183550_add_condicion_to_alumnas', 1),
(6, '2019_04_26_121834_add_letra_to_alumnas', 1),
(7, '2019_04_26_204456_add_fecharetiro_to_alumnas', 1),
(8, '2019_04_28_220026_create_derivacion_table', 1),
(11, '2019_04_28_223834_create_orientadoras_table', 2),
(12, '2019_04_30_091523_add_antecedentes_to_orientadoras', 2),
(13, '2019_05_01_005956_create_det_orientadoras', 3),
(14, '2019_05_02_175352_add_iddetalle_to_orientadoras', 4),
(16, '2019_05_03_174429_add_idalumna_to_det_orientadoras', 5),
(17, '2019_05_05_233150_create_psicologas_table', 6),
(18, '2019_05_05_233221_create_visitadoras_table', 6),
(19, '2019_05_05_233251_create_convivencias_table', 6),
(20, '2019_05_05_233322_create_equipos_table', 6),
(21, '2019_05_05_233350_create_terapeutas_table', 6),
(22, '2019_05_05_233417_create_educadoras_table', 6),
(23, '2019_05_05_233447_create_det_psicologas_table', 6),
(24, '2019_05_05_233515_create_det_visitadoras_table', 6),
(25, '2019_05_05_233540_create_det_convivencias_table', 6),
(26, '2019_05_05_233604_create_det_equipos_table', 6),
(27, '2019_05_05_233635_create_det_terapeutas_table', 6),
(28, '2019_05_05_233701_create_det_educadoras_table', 6),
(29, '2019_05_08_085315_add_atendido_to_alumnas', 7),
(31, '2019_05_20_211841_create_roles_table', 8),
(32, '2019_05_21_000000_create_users_table', 9),
(33, '2019_05_21_193956_add_nombre_to_users', 10),
(34, '2019_05_21_211200_add_nombreusuario_to_users', 11),
(35, '2019_08_11_185311_create_cursos_table', 12),
(36, '2019_08_11_204917_add_estado_to_cursos_table', 13),
(37, '2019_08_15_163343_add_tipoalumno_to_alumnas_table', 13),
(38, '2019_08_15_183153_add_email_to_users_table', 14),
(39, '2019_08_16_134208_add_fechaderivacion_to_orientadoras', 15),
(40, '2019_08_16_162529_add_fechaderivacion_to_psicologas', 16),
(41, '2019_08_16_162646_add_fechaderivacion_to_convivencias', 16),
(42, '2019_08_16_162702_add_fechaderivacion_to_visitadoras', 16),
(43, '2019_08_16_162720_add_fechaderivacion_to_equipos', 16),
(44, '2019_08_16_162737_add_fechaderivacion_to_educadoras', 16),
(45, '2019_08_16_162751_add_fechaderivacion_to_terapeutas', 16);

-- --------------------------------------------------------

--
-- Estructura de tabla para la tabla `orientadoras`
--

CREATE TABLE `orientadoras` (
  `id` int(10) UNSIGNED NOT NULL,
  `idalumna` bigint(20) UNSIGNED NOT NULL,
  `derivadopor` varchar(50) COLLATE utf8mb4_unicode_ci NOT NULL,
  `iddetalle` bigint(20) UNSIGNED DEFAULT NULL,
  `Motivo` varchar(191) COLLATE utf8mb4_unicode_ci NOT NULL,
  `antecedentes` varchar(191) COLLATE utf8mb4_unicode_ci DEFAULT NULL,
  `fechaderivacion` varchar(191) COLLATE utf8mb4_unicode_ci NOT NULL,
  `condicion` tinyint(1) NOT NULL DEFAULT '1',
  `created_at` timestamp NULL DEFAULT NULL,
  `updated_at` timestamp NULL DEFAULT NULL
) ENGINE=InnoDB DEFAULT CHARSET=utf8mb4 COLLATE=utf8mb4_unicode_ci;

--
-- Volcado de datos para la tabla `orientadoras`
--

INSERT INTO `orientadoras` (`id`, `idalumna`, `derivadopor`, `iddetalle`, `Motivo`, `antecedentes`, `fechaderivacion`, `condicion`, `created_at`, `updated_at`) VALUES
(1, 76, 'fsdfgsdfg', NULL, 'sdfgsdfg', 'dfgsdgsfg', '17-08-2019', 1, '2019-08-18 02:17:20', '2019-08-18 02:17:20');

-- --------------------------------------------------------

--
-- Estructura de tabla para la tabla `password_resets`
--

CREATE TABLE `password_resets` (
  `email` varchar(191) COLLATE utf8mb4_unicode_ci NOT NULL,
  `token` varchar(191) COLLATE utf8mb4_unicode_ci NOT NULL,
  `created_at` timestamp NULL DEFAULT NULL
) ENGINE=InnoDB DEFAULT CHARSET=utf8mb4 COLLATE=utf8mb4_unicode_ci;

-- --------------------------------------------------------

--
-- Estructura de tabla para la tabla `psicologas`
--

CREATE TABLE `psicologas` (
  `id` bigint(20) UNSIGNED NOT NULL,
  `idalumna` bigint(20) UNSIGNED NOT NULL,
  `derivadopor` varchar(191) COLLATE utf8mb4_unicode_ci NOT NULL,
  `iddetalle` int(11) DEFAULT NULL,
  `Motivo` varchar(191) COLLATE utf8mb4_unicode_ci NOT NULL,
  `antecedentes` varchar(191) COLLATE utf8mb4_unicode_ci NOT NULL,
  `fechaderivacion` varchar(191) COLLATE utf8mb4_unicode_ci NOT NULL,
  `condicion` tinyint(1) NOT NULL DEFAULT '1',
  `created_at` timestamp NULL DEFAULT NULL,
  `updated_at` timestamp NULL DEFAULT NULL
) ENGINE=InnoDB DEFAULT CHARSET=utf8mb4 COLLATE=utf8mb4_unicode_ci;

-- --------------------------------------------------------

--
-- Estructura de tabla para la tabla `roles`
--

CREATE TABLE `roles` (
  `id` int(10) UNSIGNED NOT NULL,
  `nombre` varchar(30) COLLATE utf8mb4_unicode_ci NOT NULL,
  `descripcion` varchar(100) COLLATE utf8mb4_unicode_ci DEFAULT NULL,
  `condicion` tinyint(1) NOT NULL DEFAULT '1'
) ENGINE=InnoDB DEFAULT CHARSET=utf8mb4 COLLATE=utf8mb4_unicode_ci;

--
-- Volcado de datos para la tabla `roles`
--

INSERT INTO `roles` (`id`, `nombre`, `descripcion`, `condicion`) VALUES
(1, 'Profesor', 'Profesor del Colegio', 1),
(2, 'Orientador', 'Orientador del Colegio', 1),
(3, 'Psicologo', 'Psicólogo del Colegio', 1),
(4, 'Trabajadora', 'Trabajadora social del Colegio', 1),
(5, 'Convivencia', 'Asistentes de Convivencia del Colegio', 1),
(6, 'Gestion', 'UTP del Colegio', 1),
(7, 'Terapeuta', 'Terapeuta Ocupadicional del Colegio', 1),
(8, 'Educadora', 'Educadora Diferencial del Colegio', 1),
(9, 'Directora', 'Directora del Colegio', 1);

-- --------------------------------------------------------

--
-- Estructura de tabla para la tabla `terapeutas`
--

CREATE TABLE `terapeutas` (
  `id` bigint(20) UNSIGNED NOT NULL,
  `idalumna` bigint(20) UNSIGNED NOT NULL,
  `derivadopor` varchar(191) COLLATE utf8mb4_unicode_ci NOT NULL,
  `iddetalle` int(11) DEFAULT NULL,
  `Motivo` varchar(191) COLLATE utf8mb4_unicode_ci NOT NULL,
  `antecedentes` varchar(191) COLLATE utf8mb4_unicode_ci NOT NULL,
  `fechaderivacion` varchar(191) COLLATE utf8mb4_unicode_ci NOT NULL,
  `condicion` tinyint(1) NOT NULL DEFAULT '1',
  `created_at` timestamp NULL DEFAULT NULL,
  `updated_at` timestamp NULL DEFAULT NULL
) ENGINE=InnoDB DEFAULT CHARSET=utf8mb4 COLLATE=utf8mb4_unicode_ci;

-- --------------------------------------------------------

--
-- Estructura de tabla para la tabla `users`
--

CREATE TABLE `users` (
  `id` bigint(20) UNSIGNED NOT NULL,
  `usuario` varchar(191) COLLATE utf8mb4_unicode_ci NOT NULL,
  `nombreusuario` varchar(191) COLLATE utf8mb4_unicode_ci NOT NULL,
  `idrol` int(10) UNSIGNED NOT NULL,
  `nombre` varchar(191) COLLATE utf8mb4_unicode_ci DEFAULT NULL,
  `password` varchar(191) COLLATE utf8mb4_unicode_ci NOT NULL,
  `email` varchar(50) COLLATE utf8mb4_unicode_ci NOT NULL,
  `condicion` tinyint(1) NOT NULL DEFAULT '1',
  `remember_token` varchar(100) COLLATE utf8mb4_unicode_ci DEFAULT NULL
) ENGINE=InnoDB DEFAULT CHARSET=utf8mb4 COLLATE=utf8mb4_unicode_ci;

--
-- Volcado de datos para la tabla `users`
--

INSERT INTO `users` (`id`, `usuario`, `nombreusuario`, `idrol`, `nombre`, `password`, `email`, `condicion`, `remember_token`) VALUES
(1, 'Director', 'Directora Establecimiento', 9, 'Directora', '$2y$10$DT5s02ttLvN/u.1p89nWB.0KZlcsrx1kCTc5z/hOIYvXn/H0DPunK', 'ctorresc2000@gmail.com', 1, NULL),
(2, 'Profesor', 'Profesor Asignatura', 1, NULL, '$2y$10$DT5s02ttLvN/u.1p89nWB.0KZlcsrx1kCTc5z/hOIYvXn/H0DPunK', 'ctorresc2000@gmail.com', 1, NULL),
(3, 'Orientador', 'Orientador Colegio', 2, NULL, '$2y$10$DT5s02ttLvN/u.1p89nWB.0KZlcsrx1kCTc5z/hOIYvXn/H0DPunK', 'ctorresc2000@gmail.com', 1, NULL),
(4, 'Psicologo', 'Psicólogo Colegio', 3, NULL, '$2y$10$DT5s02ttLvN/u.1p89nWB.0KZlcsrx1kCTc5z/hOIYvXn/H0DPunK', 'psicologo@gmail.com', 1, NULL),
(5, 'Terapeuta', 'Terapeuta Ocupacional', 7, 'Terapeuta', '$2y$10$DT5s02ttLvN/u.1p89nWB.0KZlcsrx1kCTc5z/hOIYvXn/H0DPunK', 'terapeuta@gmail.com', 1, NULL),
(7, 'Trabajadora', 'Trabajadora Social', 4, NULL, '$2y$10$DT5s02ttLvN/u.1p89nWB.0KZlcsrx1kCTc5z/hOIYvXn/H0DPunK', 'trabajadora@gmail.com', 1, NULL),
(8, 'Convivencia', 'Asistente de Convivencia', 5, NULL, '$2y$10$DT5s02ttLvN/u.1p89nWB.0KZlcsrx1kCTc5z/hOIYvXn/H0DPunK', 'convivencia@gmail.com', 1, NULL),
(12, 'Gestion', 'Jefe Unidad Técnico Pedagógica', 6, NULL, '$2y$10$DT5s02ttLvN/u.1p89nWB.0KZlcsrx1kCTc5z/hOIYvXn/H0DPunK', 'gestion@gmail.com', 1, NULL),
(14, 'Educadora', 'Educadora Diferencial', 8, NULL, '$2y$10$DT5s02ttLvN/u.1p89nWB.0KZlcsrx1kCTc5z/hOIYvXn/H0DPunK', 'educadora@gmail.com', 1, NULL),
(15, 'Ctorres', 'Christian Torres', 9, NULL, '$2y$10$DQAkuQsAK3sukKabVlreiuUZDCPzo9vnI5lS124coQyihwnqGAzIa', 'ctorresc2000@gmail.com', 1, NULL),
(16, 'ctobar', 'Camila Tobar', 3, NULL, '$2y$10$IGjPBrMg4OZgNnwkmAVoCOOzBe5LL48fYluE/RNW6oo0wJhX1LUy.', 'camilatobar@prueba.cl', 1, NULL);

-- --------------------------------------------------------

--
-- Estructura de tabla para la tabla `visitadoras`
--

CREATE TABLE `visitadoras` (
  `id` bigint(20) UNSIGNED NOT NULL,
  `idalumna` bigint(20) UNSIGNED NOT NULL,
  `derivadopor` varchar(191) COLLATE utf8mb4_unicode_ci NOT NULL,
  `iddetalle` int(11) DEFAULT NULL,
  `Motivo` varchar(191) COLLATE utf8mb4_unicode_ci NOT NULL,
  `antecedentes` varchar(191) COLLATE utf8mb4_unicode_ci NOT NULL,
  `fechaderivacion` varchar(191) COLLATE utf8mb4_unicode_ci NOT NULL,
  `condicion` tinyint(1) NOT NULL DEFAULT '1',
  `created_at` timestamp NULL DEFAULT NULL,
  `updated_at` timestamp NULL DEFAULT NULL
) ENGINE=InnoDB DEFAULT CHARSET=utf8mb4 COLLATE=utf8mb4_unicode_ci;

--
-- Índices para tablas volcadas
--

--
-- Indices de la tabla `alumnas`
--
ALTER TABLE `alumnas`
  ADD PRIMARY KEY (`id`);

--
-- Indices de la tabla `convivencias`
--
ALTER TABLE `convivencias`
  ADD PRIMARY KEY (`id`);

--
-- Indices de la tabla `cursos`
--
ALTER TABLE `cursos`
  ADD PRIMARY KEY (`id`);

--
-- Indices de la tabla `det_convivencias`
--
ALTER TABLE `det_convivencias`
  ADD PRIMARY KEY (`id`);

--
-- Indices de la tabla `det_educadoras`
--
ALTER TABLE `det_educadoras`
  ADD PRIMARY KEY (`id`);

--
-- Indices de la tabla `det_equipos`
--
ALTER TABLE `det_equipos`
  ADD PRIMARY KEY (`id`);

--
-- Indices de la tabla `det_orientadoras`
--
ALTER TABLE `det_orientadoras`
  ADD PRIMARY KEY (`id`),
  ADD KEY `det_orientadoras_idorientadora_foreign` (`idorientadora`),
  ADD KEY `idalumna` (`idalumna`);

--
-- Indices de la tabla `det_psicologas`
--
ALTER TABLE `det_psicologas`
  ADD PRIMARY KEY (`id`);

--
-- Indices de la tabla `det_terapeutas`
--
ALTER TABLE `det_terapeutas`
  ADD PRIMARY KEY (`id`);

--
-- Indices de la tabla `det_visitadoras`
--
ALTER TABLE `det_visitadoras`
  ADD PRIMARY KEY (`id`);

--
-- Indices de la tabla `educadoras`
--
ALTER TABLE `educadoras`
  ADD PRIMARY KEY (`id`);

--
-- Indices de la tabla `equipos`
--
ALTER TABLE `equipos`
  ADD PRIMARY KEY (`id`);

--
-- Indices de la tabla `migrations`
--
ALTER TABLE `migrations`
  ADD PRIMARY KEY (`id`);

--
-- Indices de la tabla `orientadoras`
--
ALTER TABLE `orientadoras`
  ADD PRIMARY KEY (`id`),
  ADD KEY `orientadoras_idalumna_foreign` (`idalumna`);

--
-- Indices de la tabla `password_resets`
--
ALTER TABLE `password_resets`
  ADD KEY `password_resets_email_index` (`email`);

--
-- Indices de la tabla `psicologas`
--
ALTER TABLE `psicologas`
  ADD PRIMARY KEY (`id`);

--
-- Indices de la tabla `roles`
--
ALTER TABLE `roles`
  ADD PRIMARY KEY (`id`),
  ADD UNIQUE KEY `roles_nombre_unique` (`nombre`);

--
-- Indices de la tabla `terapeutas`
--
ALTER TABLE `terapeutas`
  ADD PRIMARY KEY (`id`);

--
-- Indices de la tabla `users`
--
ALTER TABLE `users`
  ADD PRIMARY KEY (`id`),
  ADD KEY `users_idrol_foreign` (`idrol`);

--
-- Indices de la tabla `visitadoras`
--
ALTER TABLE `visitadoras`
  ADD PRIMARY KEY (`id`);

--
-- AUTO_INCREMENT de las tablas volcadas
--

--
-- AUTO_INCREMENT de la tabla `alumnas`
--
ALTER TABLE `alumnas`
  MODIFY `id` bigint(20) UNSIGNED NOT NULL AUTO_INCREMENT, AUTO_INCREMENT=767;

--
-- AUTO_INCREMENT de la tabla `convivencias`
--
ALTER TABLE `convivencias`
  MODIFY `id` bigint(20) UNSIGNED NOT NULL AUTO_INCREMENT;

--
-- AUTO_INCREMENT de la tabla `cursos`
--
ALTER TABLE `cursos`
  MODIFY `id` bigint(20) UNSIGNED NOT NULL AUTO_INCREMENT, AUTO_INCREMENT=27;

--
-- AUTO_INCREMENT de la tabla `det_convivencias`
--
ALTER TABLE `det_convivencias`
  MODIFY `id` bigint(20) UNSIGNED NOT NULL AUTO_INCREMENT;

--
-- AUTO_INCREMENT de la tabla `det_educadoras`
--
ALTER TABLE `det_educadoras`
  MODIFY `id` bigint(20) UNSIGNED NOT NULL AUTO_INCREMENT;

--
-- AUTO_INCREMENT de la tabla `det_equipos`
--
ALTER TABLE `det_equipos`
  MODIFY `id` bigint(20) UNSIGNED NOT NULL AUTO_INCREMENT;

--
-- AUTO_INCREMENT de la tabla `det_orientadoras`
--
ALTER TABLE `det_orientadoras`
  MODIFY `id` int(10) UNSIGNED NOT NULL AUTO_INCREMENT;

--
-- AUTO_INCREMENT de la tabla `det_psicologas`
--
ALTER TABLE `det_psicologas`
  MODIFY `id` bigint(20) UNSIGNED NOT NULL AUTO_INCREMENT;

--
-- AUTO_INCREMENT de la tabla `det_terapeutas`
--
ALTER TABLE `det_terapeutas`
  MODIFY `id` bigint(20) UNSIGNED NOT NULL AUTO_INCREMENT;

--
-- AUTO_INCREMENT de la tabla `det_visitadoras`
--
ALTER TABLE `det_visitadoras`
  MODIFY `id` bigint(20) UNSIGNED NOT NULL AUTO_INCREMENT;

--
-- AUTO_INCREMENT de la tabla `educadoras`
--
ALTER TABLE `educadoras`
  MODIFY `id` bigint(20) UNSIGNED NOT NULL AUTO_INCREMENT;

--
-- AUTO_INCREMENT de la tabla `equipos`
--
ALTER TABLE `equipos`
  MODIFY `id` bigint(20) UNSIGNED NOT NULL AUTO_INCREMENT;

--
-- AUTO_INCREMENT de la tabla `migrations`
--
ALTER TABLE `migrations`
  MODIFY `id` int(10) UNSIGNED NOT NULL AUTO_INCREMENT, AUTO_INCREMENT=46;

--
-- AUTO_INCREMENT de la tabla `orientadoras`
--
ALTER TABLE `orientadoras`
  MODIFY `id` int(10) UNSIGNED NOT NULL AUTO_INCREMENT, AUTO_INCREMENT=2;

--
-- AUTO_INCREMENT de la tabla `psicologas`
--
ALTER TABLE `psicologas`
  MODIFY `id` bigint(20) UNSIGNED NOT NULL AUTO_INCREMENT;

--
-- AUTO_INCREMENT de la tabla `roles`
--
ALTER TABLE `roles`
  MODIFY `id` int(10) UNSIGNED NOT NULL AUTO_INCREMENT, AUTO_INCREMENT=10;

--
-- AUTO_INCREMENT de la tabla `terapeutas`
--
ALTER TABLE `terapeutas`
  MODIFY `id` bigint(20) UNSIGNED NOT NULL AUTO_INCREMENT;

--
-- AUTO_INCREMENT de la tabla `users`
--
ALTER TABLE `users`
  MODIFY `id` bigint(20) UNSIGNED NOT NULL AUTO_INCREMENT, AUTO_INCREMENT=17;

--
-- AUTO_INCREMENT de la tabla `visitadoras`
--
ALTER TABLE `visitadoras`
  MODIFY `id` bigint(20) UNSIGNED NOT NULL AUTO_INCREMENT;

--
-- Restricciones para tablas volcadas
--

--
-- Filtros para la tabla `det_orientadoras`
--
ALTER TABLE `det_orientadoras`
  ADD CONSTRAINT `det_orientadoras_idorientadora_foreign` FOREIGN KEY (`idorientadora`) REFERENCES `orientadoras` (`id`);

--
-- Filtros para la tabla `orientadoras`
--
ALTER TABLE `orientadoras`
  ADD CONSTRAINT `orientadoras_idalumna_foreign` FOREIGN KEY (`idalumna`) REFERENCES `alumnas` (`id`);

--
-- Filtros para la tabla `users`
--
ALTER TABLE `users`
  ADD CONSTRAINT `users_idrol_foreign` FOREIGN KEY (`idrol`) REFERENCES `roles` (`id`);
COMMIT;

/*!40101 SET CHARACTER_SET_CLIENT=@OLD_CHARACTER_SET_CLIENT */;
/*!40101 SET CHARACTER_SET_RESULTS=@OLD_CHARACTER_SET_RESULTS */;
/*!40101 SET COLLATION_CONNECTION=@OLD_COLLATION_CONNECTION */;

